                  :-) GROMACS - gmx mdrun, 2026.3-Homebrew (-:

Copyright 1991-2026 The GROMACS Authors.
GROMACS is free software; you can redistribute it and/or modify it
under the terms of the GNU Lesser General Public License
as published by the Free Software Foundation; either version 2.1
of the License, or (at your option) any later version.

                         Current GROMACS contributors:
       Mark Abraham           Andrey Alekseenko           Brian Andrews       
        Paul Bauer              Cathrine Bergh              Hugh Bird         
      Eliane Briand               Ania Brown                Yiqi Chen         
      Mahesh Doijade            Giacomo Fiorin          Stefan Fleischmann    
      Sergey Gorelov         Gilles Gouaillardet            Alan Gray         
   Farzaneh Jalalypour         Petter Johansson          Carsten Kutzner      
    Grzegorz Łazarski         Justin A. Lemkul          Magnus Lundborg      
        Julio Maia               Pascal Merz             Vedran Miletić      
      Dmitry Morozov           Lukas Müllender           Szilárd Páll      
 Andrea Pasquadibisceglie     Michele Pellegrino         Nicola Piasentin     
     Daniele Rapetti         Muhammad Umair Sadiq         Hubert Santuz       
      Michael Shirts           Tatiana Shugaeva          Alexey Shvetsov      
     Bálint Soproni            Philip Turner            Alessandra Villa     
        Yang Zhang        

                         Previous GROMACS contributors:
        Emile Apol             Rossen Apostolov           James Barnett       
      Vladimir Basov        Herman J.C. Berendsen          Par Bjelkmar       
      Christian Blau          Viacheslav Bolnykh            Kevin Boyd        
    Aldert van Buuren          Carlo Camilloni           Rudi van Drunen      
      Anton Feenstra           Oliver Fleetwood            Vytas Gapsys       
       Gaurav Garg             Gerrit Groenhof            Bert de Groot       
      Anca Hamuraru           Vincent Hindriksen          Victor Holanda      
     M. Eric Irrgang           Aleksei Iupinov              Joe Jordan        
    Christoph Junghans        Prashanth Kanduri        Dimitrios Karkoulis    
       Peter Kasson             Sebastian Kehl           Sebastian Keller     
        Jiri Kraus               Per Larsson              Viveca Lindahl      
      Erik Marklund           Pieter Meulenhoff           Teemu Murtola       
       Julien Nabet              Sander Pronk             Roland Schulz       
      Alfons Sijbers         David van der Spoel          Peter Tieleman      
      Carsten Uphoff             Jon Vincent             Teemu Virolainen     
    Christian Wennberg     Sebastian Wingbermühle         Maarten Wolf       
      Artem Zhmurov       

                  Coordinated by the GROMACS project leaders:
                           Berk Hess and Erik Lindahl

GROMACS:      gmx mdrun, version 2026.3-Homebrew
Executable:   /opt/homebrew/bin/../Cellar/gromacs/2026.3_1/bin/gmx
Data prefix:  /opt/homebrew/bin/../Cellar/gromacs/2026.3_1
Working dir:  /Users/lianahovsepyan/Desktop/gromacs_project
Process ID:   2917
Command line:
  gmx mdrun -v -deffnm em

GROMACS version:     2026.3-Homebrew
Precision:           mixed
Memory model:        64 bit
MPI library:         thread_mpi
MPI version:         built in
OpenMP support:      enabled (GMX_OPENMP_MAX_THREADS = 128)
GPU support:         disabled
SIMD instructions:   ARM_NEON_ASIMD
CPU FFT library:     fftw-3.3.11
GPU FFT library:     none
Multi-GPU FFT:       none
TNG support:         enabled
Hwloc support:       disabled
Tracing support:     disabled
Colvars support:     enabled (version 2025-10-13)
CP2K support:        disabled
Torch support:       disabled
Plumed support:      enabled
C compiler:          /usr/bin/clang
C compiler flags:    -Wno-missing-field-initializers -fno-stack-check -O3 -DNDEBUG
C++ compiler:        /usr/bin/clang++
C++ compiler flags:  -Wno-reserved-identifier -Wno-missing-field-initializers -fno-stack-check -Weverything -Wno-c++98-compat -Wno-c++98-compat-pedantic -Wno-return-std-move-in-c++11 -Wno-source-uses-openmp -Wno-c++17-extensions -Wno-documentation-unknown-command -Wno-covered-switch-default -Wno-switch-enum -Wno-switch-default -Wno-extra-semi-stmt -Wno-weak-vtables -Wno-shadow -Wno-padded -Wno-reserved-id-macro -Wno-double-promotion -Wno-exit-time-destructors -Wno-global-constructors -Wno-documentation -Wno-format-nonliteral -Wno-used-but-marked-unused -Wno-float-equal -Wno-conditional-uninitialized -Wno-conversion -Wno-disabled-macro-expansion -Wno-unused-macros -Wno-unsafe-buffer-usage -Wno-stringop-truncation -Wno-cast-function-type-strict SHELL:-Xclang -fopenmp -O3 -DNDEBUG
BLAS library:        External - detected on the system
LAPACK library:      External - detected on the system


Running on 1 node with total 0 processing units
Hardware detected on host MacBook-Neo-Liana.local:
  CPU info:
    Vendor: ARM
    Brand:  Unknown CPU brand
    Family: 0   Model: 0   Stepping: 0
    Features: neon neon_asimd
  Hardware topology: Only logical processor count
    CPU limit set by OS: -1   Recommended max number of threads: 6


++++ PLEASE READ AND CITE THE FOLLOWING REFERENCE ++++
M. J. Abraham, T. Murtola, R. Schulz, S. Páll, J. C. Smith, B. Hess, E.
Lindahl
GROMACS: High performance molecular simulations through multi-level
parallelism from laptops to supercomputers
SoftwareX (2015)
https://doi.org/10.1016/j.softx.2015.06.001
-------- -------- --- Thank You --- -------- --------


++++ PLEASE READ AND CITE THE FOLLOWING REFERENCE ++++
S. Páll, M. J. Abraham, C. Kutzner, B. Hess, E. Lindahl
Tackling Exascale Software Challenges in Molecular Dynamics Simulations with
GROMACS
In S. Markidis & E. Laure (Eds.), Solving Software Challenges for Exascale (2015)
https://doi.org/10.1007/978-3-319-15976-8_1
-------- -------- --- Thank You --- -------- --------


++++ PLEASE READ AND CITE THE FOLLOWING REFERENCE ++++
S. Pronk, S. Páll, R. Schulz, P. Larsson, P. Bjelkmar, R. Apostolov, M. R.
Shirts, J. C. Smith, P. M. Kasson, D. van der Spoel, B. Hess, E. Lindahl
GROMACS 4.5: a high-throughput and highly parallel open source molecular
simulation toolkit
Bioinformatics (2013)
https://doi.org/10.1093/bioinformatics/btt055
-------- -------- --- Thank You --- -------- --------


++++ PLEASE READ AND CITE THE FOLLOWING REFERENCE ++++
B. Hess, C. Kutzner, D. van der Spoel, E. Lindahl
GROMACS 4: Algorithms for highly efficient, load-balanced, and scalable
molecular simulation
J. Chem. Theory Comput. (2008)
https://doi.org/10.1021/ct700301q
-------- -------- --- Thank You --- -------- --------


++++ PLEASE READ AND CITE THE FOLLOWING REFERENCE ++++
D. van der Spoel, E. Lindahl, B. Hess, G. Groenhof, A. E. Mark, H. J. C.
Berendsen
GROMACS: Fast, Flexible and Free
J. Comp. Chem. (2005)
https://doi.org/10.1002/jcc.20291
-------- -------- --- Thank You --- -------- --------


++++ PLEASE READ AND CITE THE FOLLOWING REFERENCE ++++
E. Lindahl, B. Hess, D. van der Spoel
GROMACS 3.0: A package for molecular simulation and trajectory analysis
J. Mol. Mod. (2001)
https://doi.org/10.1007/s008940100045
-------- -------- --- Thank You --- -------- --------


++++ PLEASE READ AND CITE THE FOLLOWING REFERENCE ++++
H. J. C. Berendsen, D. van der Spoel and R. van Drunen
GROMACS: A message-passing parallel molecular dynamics implementation
Comp. Phys. Comm. (1995)
https://doi.org/10.1016/0010-4655(95)00042-E
-------- -------- --- Thank You --- -------- --------

Input Parameters:
   integrator                     = steep
   tinit                          = 0
   dt                             = 0.001
   nsteps                         = 5000
   init-step                      = 0
   simulation-part                = 1
   mts                            = false
   mass-repartition-factor        = 1
   comm-mode                      = Linear
   nstcomm                        = 100
   bd-fric                        = 0
   ld-seed                        = 1673461755
   emtol                          = 1000
   emstep                         = 0.01
   niter                          = 20
   fcstep                         = 0
   nstcgsteep                     = 1000
   nbfgscorr                      = 10
   rtpi                           = 0.05
   nstxout                        = 0
   nstvout                        = 0
   nstfout                        = 0
   nstlog                         = 1000
   nstcalcenergy                  = 100
   nstenergy                      = 1000
   nstxout-compressed             = 0
   compressed-x-precision         = 1000
   cutoff-scheme                  = Verlet
   nstlist                        = 1
   pbc                            = xyz
   periodic-molecules             = false
   verlet-buffer-tolerance        = 0.005
   verlet-buffer-pressure-tolerance = 0.5
   rlist                          = 1
   coulombtype                    = PME
   coulomb-modifier               = Potential-shift
   rcoulomb-switch                = 0
   rcoulomb                       = 1
   epsilon-r                      = 1
   epsilon-rf                     = inf
   vdw-type                       = Cut-off
   vdw-modifier                   = Potential-shift
   rvdw-switch                    = 0
   rvdw                           = 1
   DispCorr                       = No
   table-extension                = 1
   fourierspacing                 = 0.12
   fourier-nx                     = 60
   fourier-ny                     = 60
   fourier-nz                     = 60
   pme-order                      = 4
   ewald-rtol                     = 1e-05
   ewald-rtol-lj                  = 0.001
   lj-pme-comb-rule               = Geometric
   ewald-geometry                 = 3d
   epsilon-surface                = 0
   ensemble-temperature-setting   = not available
   tcoupl                         = No
   nsttcouple                     = -1
   nh-chain-length                = 0
   print-nose-hoover-chain-variables = false
   pcoupl                         = No
   refcoord-scaling               = No
   posres-com: not available
   posres-comB: not available
   QMMM                           = false
qm-opts:
   ngQM                           = 0
   constraint-algorithm           = Lincs
   continuation                   = false
   Shake-SOR                      = false
   shake-tol                      = 0.0001
   lincs-order                    = 4
   lincs-iter                     = 1
   lincs-warnangle                = 30
   nwall                          = 0
   wall-type                      = 9-3
   wall-r-linpot                  = -1
   wall-atomtype[0]               = -1
   wall-atomtype[1]               = -1
   wall-density[0]                = 0
   wall-density[1]                = 0
   wall-ewald-zfac                = 3
   pull                           = false
   awh                            = false
   rotation                       = false
   interactiveMD                  = false
   disre                          = No
   disre-weighting                = Conservative
   disre-mixed                    = false
   dr-fc                          = 1000
   dr-tau                         = 0
   nstdisreout                    = 100
   orire-fc                       = 0
   orire-tau                      = 0
   nstorireout                    = 100
   free-energy                    = no
   cos-acceleration               = 0
   deform (3x3):
      deform[    0]={ 0.00000e+00,  0.00000e+00,  0.00000e+00}
      deform[    1]={ 0.00000e+00,  0.00000e+00,  0.00000e+00}
      deform[    2]={ 0.00000e+00,  0.00000e+00,  0.00000e+00}
   simulated-tempering            = false
   swapcoords                     = no
   userint1                       = 0
   userint2                       = 0
   userint3                       = 0
   userint4                       = 0
   userreal1                      = 0
   userreal2                      = 0
   userreal3                      = 0
   userreal4                      = 0
   applied-forces:
     electric-field:
       x:
         E0                       = 0
         omega                    = 0
         t0                       = 0
         sigma                    = 0
       y:
         E0                       = 0
         omega                    = 0
         t0                       = 0
         sigma                    = 0
       z:
         E0                       = 0
         omega                    = 0
         t0                       = 0
         sigma                    = 0
     density-guided-simulation:
       active                     = false
       group                      = protein
       similarity-measure         = inner-product
       atom-spreading-weight      = unity
       force-constant             = 1e+09
       gaussian-transform-spreading-width = 0.2
       gaussian-transform-spreading-range-in-multiples-of-width = 4
       reference-density-filename = reference.mrc
       nst                        = 1
       normalize-densities        = true
       adaptive-force-scaling     = false
       adaptive-force-scaling-time-constant = 4
       shift-vector               = 
       transformation-matrix      = 
     qmmm-cp2k:
       active                     = false
       qmgroup                    = System
       qmmethod                   = PBE
       qmfilenames                = 
       qmcharge                   = 0
       qmmultiplicity             = 1
     colvars:
       active                     = false
       configfile                 = 
       seed                       = -1
     nnpot:
       active                     = false
       modelfile                  = model.pt
       input-group                = System
       link-type                  = H
       link-distance              = 0.1
       pair-cutoff                = 0
       embedding                  = mechanical
       nnp-charge                 = 0
       model-input1               = 
       model-input2               = 
       model-input3               = 
       model-input4               = 
       model-input5               = 
       model-input6               = 
       model-input7               = 
       model-input8               = 
       model-input9               = 
   fast-multipole-method:
     fmm:
       backend                    = inactive
       exafmm-order               = 6
       exafmm-direct-range        = 2
       exafmm-direct-provider     = GROMACS
       exafmm-tree-type           = uniform
       exafmm-tree-depth          = 0
       exafmm-max-particles-per-cell = 0
       fmsolvr-order              = 8
       fmsolvr-direct-range       = 1
       fmsolvr-direct-provider    = FMM
       fmsolvr-dipole-compensation = true
       fmsolvr-tree-depth         = 3
       fmsolvr-sparse             = false
grpopts:
   nrdf:       49887
   ref-t:           0
   tau-t:           0
annealing:          No
annealing-npoints:           0
   acc:	           0           0           0
   nfreeze:           N           N           N
   energygrp-flags[  0]: 0


Initializing Domain Decomposition on 1 ranks
NOTE: disabling dynamic load balancing as it is only supported with dynamics, not with integrator 'steep'.
Dynamic load balancing: off
Using update groups, nr 9299, average size 2.6 atoms, max. radius 0.078 nm
Minimum cell size due to atom displacement: 0.000 nm
Initial maximum distances in bonded interactions:
    two-body bonded interactions: 0.443 nm, LJ-14, atoms 1156 1405
  multi-body bonded interactions: 0.443 nm, Proper Dih., atoms 1156 1405
Minimum cell size due to bonded interactions: 0.487 nm
Using 0 separate PME ranks because: there are too few total ranks for efficient splitting
Optimizing the DD grid for 1 cells with a minimum initial size of 0.487 nm
The maximum allowed number of cells is: X 11 Y 11 Z 10
Domain decomposition grid 1 x 1 x 1, separate PME ranks 0
PME domain decomposition: 1 x 1 x 1

The initial number of communication pulses is:
The initial domain decomposition cell size is:

The maximum allowed distance for atom groups involved in interactions is:
                 non-bonded interactions           1.156 nm
            two-body bonded interactions  (-rdd)   1.156 nm
          multi-body bonded interactions  (-rdd)   1.156 nm

Local state does not use filler particles

Using 1 MPI thread
Using 6 OpenMP threads 

System total charge: 0.000
Will do PME sum in reciprocal space for electrostatic interactions.

++++ PLEASE READ AND CITE THE FOLLOWING REFERENCE ++++
U. Essmann, L. Perera, M. L. Berkowitz, T. Darden, H. Lee, L. G. Pedersen 
A smooth particle mesh Ewald method
J. Chem. Phys. (1995)
https://doi.org/10.1063/1.470117
-------- -------- --- Thank You --- -------- --------

Using a Gaussian width (1/beta) of 0.320163 nm for Ewald
Potential shift: LJ r^-12: -1.000e+00 r^-6: -1.000e+00, Ewald -1.000e-05
Initialized non-bonded Coulomb Ewald tables, spacing: 9.33e-04 size: 1073

Generated table with 1000 data points for 1-4 COUL.
Tabscale = 500 points/nm
Generated table with 1000 data points for 1-4 LJ6.
Tabscale = 500 points/nm
Generated table with 1000 data points for 1-4 LJ12.
Tabscale = 500 points/nm


Using SIMD4xM 4x4 nonbonded short-range kernels

Using a 4x4 pair-list setup:
  updated every 1 steps, buffer 0.000 nm, rlist 1.000 nm

Using Lorentz-Berthelot Lennard-Jones combination rule
Removing pbc first time

Linking all bonded interactions to atoms


++++ PLEASE READ AND CITE THE FOLLOWING REFERENCE ++++
S. Miyamoto, P. A. Kollman
SETTLE: An Analytical Version of the SHAKE and RATTLE Algorithms for Rigid
Water Models
J. Comp. Chem. (1992)
https://doi.org/10.1002/jcc.540130805
-------- -------- --- Thank You --- -------- --------


Note that activating steepest-descent energy minimization via the integrator .mdp option and the command gmx mdrun may be available in a different form in a future version of GROMACS, e.g. gmx minimize and an .mdp option.
Initiating Steepest Descents

Atom distribution over 1 domains: av 23961 stddev 0 min 23961 max 23961
Started Steepest Descents on rank 0 Thu Sep 24 23:00:09 2026


Steepest Descents:
   Tolerance (Fmax)   =  1.00000e+03
   Number of steps    =         5000
           Step           Time
              0        0.00000

   Energies (kJ/mol)
           Bond          Angle    Proper Dih. Per. Imp. Dih.          LJ-14
    8.53166e+03    1.84202e+03    5.08208e+03    2.64745e+02    2.41562e+03
     Coulomb-14        LJ (SR)   Coulomb (SR)   Coul. recip.      Potential
    1.75090e+04    1.53402e+05   -3.69518e+05    1.06832e+04   -1.69787e+05
 Pressure (bar)
    3.81037e+04

           Step           Time
              1        1.00000

   Energies (kJ/mol)
           Bond          Angle    Proper Dih. Per. Imp. Dih.          LJ-14
    8.17682e+03    1.83232e+03    5.07881e+03    2.58360e+02    2.42208e+03
     Coulomb-14        LJ (SR)   Coulomb (SR)   Coul. recip.      Potential
    1.74891e+04    1.32734e+05   -3.69863e+05    1.06601e+04   -1.91211e+05
 Pressure (bar)
    3.18020e+04

           Step           Time
              2        2.00000

   Energies (kJ/mol)
           Bond          Angle    Proper Dih. Per. Imp. Dih.          LJ-14
    7.20619e+03    1.86894e+03    5.07581e+03    2.42172e+02    2.43472e+03
     Coulomb-14        LJ (SR)   Coulomb (SR)   Coul. recip.      Potential
    1.74314e+04    1.06948e+05   -3.70730e+05    1.05758e+04   -2.18947e+05
 Pressure (bar)
    2.38946e+04

           Step           Time
              3        3.00000

   Energies (kJ/mol)
           Bond          Angle    Proper Dih. Per. Imp. Dih.          LJ-14
    5.24024e+03    2.02399e+03    5.07920e+03    2.16305e+02    2.44286e+03
     Coulomb-14        LJ (SR)   Coulomb (SR)   Coul. recip.      Potential
    1.73484e+04    8.92410e+04   -3.72064e+05    1.03837e+04   -2.40088e+05
 Pressure (bar)
    1.82679e+04

           Step           Time
              4        4.00000

   Energies (kJ/mol)
           Bond          Angle    Proper Dih. Per. Imp. Dih.          LJ-14
    2.19614e+03    2.56740e+03    5.09291e+03    1.72549e+02    2.45150e+03
     Coulomb-14        LJ (SR)   Coulomb (SR)   Coul. recip.      Potential
    1.72196e+04    7.22054e+04   -3.75042e+05    9.84947e+03   -2.63287e+05
 Pressure (bar)
    1.19386e+04

           Step           Time
              5        5.00000

   Energies (kJ/mol)
           Bond          Angle    Proper Dih. Per. Imp. Dih.          LJ-14
    2.14336e+03    1.94571e+03    5.05526e+03    1.74177e+02    2.42732e+03
     Coulomb-14        LJ (SR)   Coulomb (SR)   Coul. recip.      Potential
    1.71582e+04    6.35883e+04   -3.79233e+05    8.99924e+03   -2.77741e+05
 Pressure (bar)
    7.54899e+03

           Step           Time
              6        6.00000

   Energies (kJ/mol)
           Bond          Angle    Proper Dih. Per. Imp. Dih.          LJ-14
    1.06978e+03    1.94303e+03    5.06268e+03    1.56288e+02    2.38570e+03
     Coulomb-14        LJ (SR)   Coulomb (SR)   Coul. recip.      Potential
    1.70767e+04    6.18641e+04   -3.80322e+05    8.71323e+03   -2.82051e+05
 Pressure (bar)
    6.71585e+03

           Step           Time
              7        7.00000

           Step           Time
              8        8.00000

   Energies (kJ/mol)
           Bond          Angle    Proper Dih. Per. Imp. Dih.          LJ-14
    1.62777e+03    1.81986e+03    5.05884e+03    1.49135e+02    2.36694e+03
     Coulomb-14        LJ (SR)   Coulomb (SR)   Coul. recip.      Potential
    1.70745e+04    6.00685e+04   -3.81888e+05    8.42715e+03   -2.85295e+05
 Pressure (bar)
    5.79200e+03

           Step           Time
              9        9.00000

   Energies (kJ/mol)
           Bond          Angle    Proper Dih. Per. Imp. Dih.          LJ-14
    1.48595e+03    1.89702e+03    5.04770e+03    1.46389e+02    2.34745e+03
     Coulomb-14        LJ (SR)   Coulomb (SR)   Coul. recip.      Potential
    1.70036e+04    5.90274e+04   -3.82897e+05    8.14085e+03   -2.87801e+05
 Pressure (bar)
    5.25590e+03

           Step           Time
             10       10.00000

   Energies (kJ/mol)
           Bond          Angle    Proper Dih. Per. Imp. Dih.          LJ-14
    2.37508e+03    1.86598e+03    5.05021e+03    1.45281e+02    2.33672e+03
     Coulomb-14        LJ (SR)   Coulomb (SR)   Coul. recip.      Potential
    1.70285e+04    5.79263e+04   -3.84019e+05    7.98872e+03   -2.89303e+05
 Pressure (bar)
    4.64741e+03

           Step           Time
             11       11.00000

   Energies (kJ/mol)
           Bond          Angle    Proper Dih. Per. Imp. Dih.          LJ-14
    2.61746e+03    2.00656e+03    5.03629e+03    1.43640e+02    2.32372e+03
     Coulomb-14        LJ (SR)   Coulomb (SR)   Coul. recip.      Potential
    1.69419e+04    5.71383e+04   -3.84905e+05    7.69880e+03   -2.90998e+05
 Pressure (bar)
    4.25708e+03

           Step           Time
             12       12.00000

   Energies (kJ/mol)
           Bond          Angle    Proper Dih. Per. Imp. Dih.          LJ-14
    3.61050e+03    2.00529e+03    5.04358e+03    1.45014e+02    2.31553e+03
     Coulomb-14        LJ (SR)   Coulomb (SR)   Coul. recip.      Potential
    1.69929e+04    5.63409e+04   -3.85803e+05    7.63809e+03   -2.91711e+05
 Pressure (bar)
    3.77442e+03

           Step           Time
             13       13.00000

   Energies (kJ/mol)
           Bond          Angle    Proper Dih. Per. Imp. Dih.          LJ-14
    3.38822e+03    2.01409e+03    5.02819e+03    1.42915e+02    2.30308e+03
     Coulomb-14        LJ (SR)   Coulomb (SR)   Coul. recip.      Potential
    1.69004e+04    5.57577e+04   -3.86524e+05    7.35759e+03   -2.93632e+05
 Pressure (bar)
    3.53940e+03

           Step           Time
             14       14.00000

           Step           Time
             15       15.00000

   Energies (kJ/mol)
           Bond          Angle    Proper Dih. Per. Imp. Dih.          LJ-14
    4.95559e+02    1.45194e+03    5.03012e+03    1.42947e+02    2.29119e+03
     Coulomb-14        LJ (SR)   Coulomb (SR)   Coul. recip.      Potential
    1.69314e+04    5.54087e+04   -3.86923e+05    7.34101e+03   -2.97830e+05
 Pressure (bar)
    3.51038e+03

           Step           Time
             16       16.00000

   Energies (kJ/mol)
           Bond          Angle    Proper Dih. Per. Imp. Dih.          LJ-14
    3.16674e+03    1.66666e+03    5.01508e+03    1.39866e+02    2.25968e+03
     Coulomb-14        LJ (SR)   Coulomb (SR)   Coul. recip.      Potential
    1.68469e+04    5.34515e+04   -3.89461e+05    6.76228e+03   -3.00153e+05
 Pressure (bar)
    2.40242e+03

           Step           Time
             17       17.00000

   Energies (kJ/mol)
           Bond          Angle    Proper Dih. Per. Imp. Dih.          LJ-14
    7.66983e+02    1.39413e+03    5.01762e+03    1.41041e+02    2.25403e+03
     Coulomb-14        LJ (SR)   Coulomb (SR)   Coul. recip.      Potential
    1.68709e+04    5.31676e+04   -3.89853e+05    6.75915e+03   -3.03481e+05
 Pressure (bar)
    2.35972e+03

           Step           Time
             18       18.00000

           Step           Time
             19       19.00000

   Energies (kJ/mol)
           Bond          Angle    Proper Dih. Per. Imp. Dih.          LJ-14
    9.22748e+02    1.39419e+03    5.01205e+03    1.39180e+02    2.24432e+03
     Coulomb-14        LJ (SR)   Coulomb (SR)   Coul. recip.      Potential
    1.68443e+04    5.27817e+04   -3.90413e+05    6.61059e+03   -3.04464e+05
 Pressure (bar)
    2.17701e+03

           Step           Time
             20       20.00000

   Energies (kJ/mol)
           Bond          Angle    Proper Dih. Per. Imp. Dih.          LJ-14
    1.14664e+03    1.40435e+03    5.01240e+03    1.40120e+02    2.24107e+03
     Coulomb-14        LJ (SR)   Coulomb (SR)   Coul. recip.      Potential
    1.68526e+04    5.23874e+04   -3.90994e+05    6.55342e+03   -3.05256e+05
 Pressure (bar)
    1.96821e+03

           Step           Time
             21       21.00000

   Energies (kJ/mol)
           Bond          Angle    Proper Dih. Per. Imp. Dih.          LJ-14
    1.45612e+03    1.42691e+03    5.00600e+03    1.38174e+02    2.23020e+03
     Coulomb-14        LJ (SR)   Coulomb (SR)   Coul. recip.      Potential
    1.68224e+04    5.20507e+04   -3.91514e+05    6.40058e+03   -3.05983e+05
 Pressure (bar)
    1.79037e+03

           Step           Time
             22       22.00000

   Energies (kJ/mol)
           Bond          Angle    Proper Dih. Per. Imp. Dih.          LJ-14
    1.95692e+03    1.46934e+03    5.00799e+03    1.40310e+02    2.22978e+03
     Coulomb-14        LJ (SR)   Coulomb (SR)   Coul. recip.      Potential
    1.68386e+04    5.16962e+04   -3.92054e+05    6.37352e+03   -3.06341e+05
 Pressure (bar)
    1.59112e+03

           Step           Time
             23       23.00000

   Energies (kJ/mol)
           Bond          Angle    Proper Dih. Per. Imp. Dih.          LJ-14
    2.60998e+03    1.53915e+03    5.00024e+03    1.38331e+02    2.21707e+03
     Coulomb-14        LJ (SR)   Coulomb (SR)   Coul. recip.      Potential
    1.68018e+04    5.13997e+04   -3.92538e+05    6.20822e+03   -3.06624e+05
 Pressure (bar)
    1.40892e+03

           Step           Time
             24       24.00000

           Step           Time
             25       25.00000

   Energies (kJ/mol)
           Bond          Angle    Proper Dih. Per. Imp. Dih.          LJ-14
    4.09845e+02    1.29115e+03    5.00192e+03    1.38786e+02    2.21573e+03
     Coulomb-14        LJ (SR)   Coulomb (SR)   Coul. recip.      Potential
    1.68147e+04    5.12277e+04   -3.92788e+05    6.20449e+03   -3.09484e+05
 Pressure (bar)
    1.44400e+03

           Step           Time
             26       26.00000

   Energies (kJ/mol)
           Bond          Angle    Proper Dih. Per. Imp. Dih.          LJ-14
    3.88790e+03    1.54056e+03    4.98906e+03    1.35373e+02    2.18710e+03
     Coulomb-14        LJ (SR)   Coulomb (SR)   Coul. recip.      Potential
    1.67590e+04    4.98805e+04   -3.94988e+05    5.75750e+03   -3.09851e+05
 Pressure (bar)
    6.00533e+02

           Step           Time
             27       27.00000

   Energies (kJ/mol)
           Bond          Angle    Proper Dih. Per. Imp. Dih.          LJ-14
    7.65365e+02    1.27279e+03    4.99216e+03    1.36537e+02    2.18612e+03
     Coulomb-14        LJ (SR)   Coulomb (SR)   Coul. recip.      Potential
    1.67794e+04    4.97187e+04   -3.95261e+05    5.77555e+03   -3.13634e+05
 Pressure (bar)
    6.49685e+02

           Step           Time
             28       28.00000

           Step           Time
             29       29.00000

   Energies (kJ/mol)
           Bond          Angle    Proper Dih. Per. Imp. Dih.          LJ-14
    1.09965e+03    1.29267e+03    4.98716e+03    1.34701e+02    2.17788e+03
     Coulomb-14        LJ (SR)   Coulomb (SR)   Coul. recip.      Potential
    1.67602e+04    4.94915e+04   -3.95655e+05    5.67169e+03   -3.14040e+05
 Pressure (bar)
    5.31700e+02

           Step           Time
             30       30.00000

   Energies (kJ/mol)
           Bond          Angle    Proper Dih. Per. Imp. Dih.          LJ-14
    1.24317e+03    1.30932e+03    4.98900e+03    1.35726e+02    2.17786e+03
     Coulomb-14        LJ (SR)   Coulomb (SR)   Coul. recip.      Potential
    1.67717e+04    4.92750e+04   -3.96035e+05    5.65971e+03   -3.14473e+05
 Pressure (bar)
    4.11936e+02

           Step           Time
             31       31.00000

   Energies (kJ/mol)
           Bond          Angle    Proper Dih. Per. Imp. Dih.          LJ-14
    1.84209e+03    1.36244e+03    4.98292e+03    1.33980e+02    2.16818e+03
     Coulomb-14        LJ (SR)   Coulomb (SR)   Coul. recip.      Potential
    1.67477e+04    4.90751e+04   -3.96400e+05    5.54671e+03   -3.14541e+05
 Pressure (bar)
    2.82186e+02

           Step           Time
             32       32.00000

   Energies (kJ/mol)
           Bond          Angle    Proper Dih. Per. Imp. Dih.          LJ-14
    2.28196e+03    1.41369e+03    4.98656e+03    1.36209e+02    2.17078e+03
     Coulomb-14        LJ (SR)   Coulomb (SR)   Coul. recip.      Potential
    1.67662e+04    4.88662e+04   -3.96771e+05    5.55828e+03   -3.14591e+05
 Pressure (bar)
    1.54990e+02

           Step           Time
             33       33.00000

           Step           Time
             34       34.00000

   Energies (kJ/mol)
           Bond          Angle    Proper Dih. Per. Imp. Dih.          LJ-14
    3.85105e+02    1.20928e+03    4.98218e+03    1.34107e+02    2.16236e+03
     Coulomb-14        LJ (SR)   Coulomb (SR)   Coul. recip.      Potential
    1.67499e+04    4.87700e+04   -3.96936e+05    5.48498e+03   -3.17058e+05
 Pressure (bar)
    2.06019e+02

           Step           Time
             35       35.00000

           Step           Time
             36       36.00000

   Energies (kJ/mol)
           Bond          Angle    Proper Dih. Per. Imp. Dih.          LJ-14
    9.55536e+02    1.23734e+03    4.98038e+03    1.33019e+02    2.15513e+03
     Coulomb-14        LJ (SR)   Coulomb (SR)   Coul. recip.      Potential
    1.67452e+04    4.83034e+04   -3.97784e+05    5.37255e+03   -3.17901e+05
 Pressure (bar)
   -5.20630e+01

           Step           Time
             37       37.00000

   Energies (kJ/mol)
           Bond          Angle    Proper Dih. Per. Imp. Dih.          LJ-14
    5.03304e+02    1.19778e+03    4.97687e+03    1.31797e+02    2.14861e+03
     Coulomb-14        LJ (SR)   Coulomb (SR)   Coul. recip.      Potential
    1.67338e+04    4.81942e+04   -3.98002e+05    5.31150e+03   -3.18804e+05
 Pressure (bar)
   -1.06062e+02

           Step           Time
             38       38.00000

           Step           Time
             39       39.00000

   Energies (kJ/mol)
           Bond          Angle    Proper Dih. Per. Imp. Dih.          LJ-14
    4.42171e+02    1.18586e+03    4.97707e+03    1.31834e+02    2.14703e+03
     Coulomb-14        LJ (SR)   Coulomb (SR)   Coul. recip.      Potential
    1.67358e+04    4.80502e+04   -3.98269e+05    5.28770e+03   -3.19311e+05
 Pressure (bar)
   -1.72192e+02

           Step           Time
             40       40.00000

   Energies (kJ/mol)
           Bond          Angle    Proper Dih. Per. Imp. Dih.          LJ-14
    6.32766e+02    1.19990e+03    4.97364e+03    1.30726e+02    2.14051e+03
     Coulomb-14        LJ (SR)   Coulomb (SR)   Coul. recip.      Potential
    1.67245e+04    4.78624e+04   -3.98632e+05    5.21286e+03   -3.19755e+05
 Pressure (bar)
   -2.82921e+02

           Step           Time
             41       41.00000

   Energies (kJ/mol)
           Bond          Angle    Proper Dih. Per. Imp. Dih.          LJ-14
    5.81437e+02    1.19064e+03    4.97454e+03    1.31061e+02    2.13943e+03
     Coulomb-14        LJ (SR)   Coulomb (SR)   Coul. recip.      Potential
    1.67291e+04    4.77186e+04   -3.98905e+05    5.19679e+03   -3.20243e+05
 Pressure (bar)
   -3.52922e+02

           Step           Time
             42       42.00000

   Energies (kJ/mol)
           Bond          Angle    Proper Dih. Per. Imp. Dih.          LJ-14
    8.95344e+02    1.21753e+03    4.97052e+03    1.29922e+02    2.13270e+03
     Coulomb-14        LJ (SR)   Coulomb (SR)   Coul. recip.      Potential
    1.67155e+04    4.75569e+04   -3.99226e+05    5.12069e+03   -3.20487e+05
 Pressure (bar)
   -4.55747e+02

           Step           Time
             43       43.00000

   Energies (kJ/mol)
           Bond          Angle    Proper Dih. Per. Imp. Dih.          LJ-14
    8.77091e+02    1.21302e+03    4.97241e+03    1.30669e+02    2.13255e+03
     Coulomb-14        LJ (SR)   Coulomb (SR)   Coul. recip.      Potential
    1.67234e+04    4.74151e+04   -3.99499e+05    5.11590e+03   -3.20919e+05
 Pressure (bar)
   -5.27451e+02

           Step           Time
             44       44.00000

           Step           Time
             45       45.00000

   Energies (kJ/mol)
           Bond          Angle    Proper Dih. Per. Imp. Dih.          LJ-14
    3.56860e+02    1.15830e+03    4.96981e+03    1.29751e+02    2.12809e+03
     Coulomb-14        LJ (SR)   Coulomb (SR)   Coul. recip.      Potential
    1.67148e+04    4.73417e+04   -3.99643e+05    5.07227e+03   -3.21771e+05
 Pressure (bar)
   -5.39273e+02

           Step           Time
             46       46.00000

   Energies (kJ/mol)
           Bond          Angle    Proper Dih. Per. Imp. Dih.          LJ-14
    1.13935e+03    1.21785e+03    4.96811e+03    1.29019e+02    2.11893e+03
     Coulomb-14        LJ (SR)   Coulomb (SR)   Coul. recip.      Potential
    1.67091e+04    4.68655e+04   -4.00594e+05    4.95751e+03   -3.22489e+05
 Pressure (bar)
   -8.29753e+02

           Step           Time
             47       47.00000

   Energies (kJ/mol)
           Bond          Angle    Proper Dih. Per. Imp. Dih.          LJ-14
    4.48488e+02    1.15141e+03    4.96469e+03    1.27995e+02    2.11328e+03
     Coulomb-14        LJ (SR)   Coulomb (SR)   Coul. recip.      Potential
    1.66989e+04    4.67927e+04   -4.00747e+05    4.90671e+03   -3.23543e+05
 Pressure (bar)
   -8.41242e+02

           Step           Time
             48       48.00000

           Step           Time
             49       49.00000

   Energies (kJ/mol)
           Bond          Angle    Proper Dih. Per. Imp. Dih.          LJ-14
    4.83891e+02    1.15084e+03    4.96515e+03    1.28147e+02    2.11156e+03
     Coulomb-14        LJ (SR)   Coulomb (SR)   Coul. recip.      Potential
    1.67004e+04    4.66657e+04   -4.01005e+05    4.88671e+03   -3.23913e+05
 Pressure (bar)
   -9.06873e+02

           Step           Time
             50       50.00000

   Energies (kJ/mol)
           Bond          Angle    Proper Dih. Per. Imp. Dih.          LJ-14
    5.62761e+02    1.15592e+03    4.96224e+03    1.27348e+02    2.10658e+03
     Coulomb-14        LJ (SR)   Coulomb (SR)   Coul. recip.      Potential
    1.66914e+04    4.65530e+04   -4.01246e+05    4.83395e+03   -3.24252e+05
 Pressure (bar)
   -9.75053e+02

           Step           Time
             51       51.00000

   Energies (kJ/mol)
           Bond          Angle    Proper Dih. Per. Imp. Dih.          LJ-14
    6.46126e+02    1.16138e+03    4.96343e+03    1.27753e+02    2.10547e+03
     Coulomb-14        LJ (SR)   Coulomb (SR)   Coul. recip.      Potential
    1.66951e+04    4.64314e+04   -4.01498e+05    4.82247e+03   -3.24545e+05
 Pressure (bar)
   -1.04267e+03

           Step           Time
             52       52.00000

   Energies (kJ/mol)
           Bond          Angle    Proper Dih. Per. Imp. Dih.          LJ-14
    7.96993e+02    1.17352e+03    4.95979e+03    1.26806e+02    2.10003e+03
     Coulomb-14        LJ (SR)   Coulomb (SR)   Coul. recip.      Potential
    1.66839e+04    4.63273e+04   -4.01725e+05    4.76418e+03   -3.24793e+05
 Pressure (bar)
   -1.10947e+03

           Step           Time
             53       53.00000

   Energies (kJ/mol)
           Bond          Angle    Proper Dih. Per. Imp. Dih.          LJ-14
    9.79344e+02    1.19037e+03    4.96199e+03    1.27597e+02    2.09984e+03
     Coulomb-14        LJ (SR)   Coulomb (SR)   Coul. recip.      Potential
    1.66903e+04    4.62096e+04   -4.01973e+05    4.76381e+03   -3.24950e+05
 Pressure (bar)
   -1.18055e+03

           Step           Time
             54       54.00000

   Energies (kJ/mol)
           Bond          Angle    Proper Dih. Per. Imp. Dih.          LJ-14
    1.27671e+03    1.21813e+03    4.95728e+03    1.26445e+02    2.09368e+03
     Coulomb-14        LJ (SR)   Coulomb (SR)   Coul. recip.      Potential
    1.66761e+04    4.61147e+04   -4.02188e+05    4.69706e+03   -3.25028e+05
 Pressure (bar)
   -1.25059e+03

           Step           Time
             55       55.00000

           Step           Time
             56       56.00000

   Energies (kJ/mol)
           Bond          Angle    Proper Dih. Per. Imp. Dih.          LJ-14
    3.30152e+02    1.12169e+03    4.95895e+03    1.26826e+02    2.09308e+03
     Coulomb-14        LJ (SR)   Coulomb (SR)   Coul. recip.      Potential
    1.66812e+04    4.60534e+04   -4.02308e+05    4.70059e+03   -3.26242e+05
 Pressure (bar)
   -1.23233e+03

           Step           Time
             57       57.00000

   Energies (kJ/mol)
           Bond          Angle    Proper Dih. Per. Imp. Dih.          LJ-14
    1.64012e+03    1.22133e+03    4.95200e+03    1.24608e+02    2.07646e+03
     Coulomb-14        LJ (SR)   Coulomb (SR)   Coul. recip.      Potential
    1.66549e+04    4.55144e+04   -4.03510e+05    4.50997e+03   -3.26816e+05
 Pressure (bar)
   -1.59552e+03

           Step           Time
             58       58.00000

   Energies (kJ/mol)
           Bond          Angle    Proper Dih. Per. Imp. Dih.          LJ-14
    4.37825e+02    1.11521e+03    4.95442e+03    1.25278e+02    2.07518e+03
     Coulomb-14        LJ (SR)   Coulomb (SR)   Coul. recip.      Potential
    1.66633e+04    4.54511e+04   -4.03650e+05    4.52200e+03   -3.28306e+05
 Pressure (bar)
   -1.58389e+03

           Step           Time
             59       59.00000

           Step           Time
             60       60.00000

   Energies (kJ/mol)
           Bond          Angle    Proper Dih. Per. Imp. Dih.          LJ-14
    6.01679e+02    1.12661e+03    4.95160e+03    1.24383e+02    2.07107e+03
     Coulomb-14        LJ (SR)   Coulomb (SR)   Coul. recip.      Potential
    1.66553e+04    4.53587e+04   -4.03867e+05    4.47649e+03   -3.28501e+05
 Pressure (bar)
   -1.63995e+03

           Step           Time
             61       61.00000

   Energies (kJ/mol)
           Bond          Angle    Proper Dih. Per. Imp. Dih.          LJ-14
    5.84954e+02    1.12637e+03    4.95312e+03    1.24813e+02    2.07008e+03
     Coulomb-14        LJ (SR)   Coulomb (SR)   Coul. recip.      Potential
    1.66586e+04    4.52766e+04   -4.04055e+05    4.47402e+03   -3.28787e+05
 Pressure (bar)
   -1.68560e+03

           Step           Time
             62       62.00000

   Energies (kJ/mol)
           Bond          Angle    Proper Dih. Per. Imp. Dih.          LJ-14
    8.59633e+02    1.14898e+03    4.94963e+03    1.23851e+02    2.06563e+03
     Coulomb-14        LJ (SR)   Coulomb (SR)   Coul. recip.      Potential
    1.66490e+04    4.51956e+04   -4.04254e+05    4.42428e+03   -3.28837e+05
 Pressure (bar)
   -1.74563e+03

           Step           Time
             63       63.00000

   Energies (kJ/mol)
           Bond          Angle    Proper Dih. Per. Imp. Dih.          LJ-14
    9.00268e+02    1.15557e+03    4.95212e+03    1.24722e+02    2.06532e+03
     Coulomb-14        LJ (SR)   Coulomb (SR)   Coul. recip.      Potential
    1.66544e+04    4.51126e+04   -4.04446e+05    4.43046e+03   -3.29051e+05
 Pressure (bar)
   -1.79408e+03

           Step           Time
             64       64.00000

           Step           Time
             65       65.00000

   Energies (kJ/mol)
           Bond          Angle    Proper Dih. Per. Imp. Dih.          LJ-14
    3.30171e+02    1.09546e+03    4.94974e+03    1.23889e+02    2.06203e+03
     Coulomb-14        LJ (SR)   Coulomb (SR)   Coul. recip.      Potential
    1.66484e+04    4.50745e+04   -4.04537e+05    4.39921e+03   -3.29853e+05
 Pressure (bar)
   -1.78615e+03

           Step           Time
             66       66.00000

   Energies (kJ/mol)
           Bond          Angle    Proper Dih. Per. Imp. Dih.          LJ-14
    1.16626e+03    1.16724e+03    4.94946e+03    1.23499e+02    2.05491e+03
     Coulomb-14        LJ (SR)   Coulomb (SR)   Coul. recip.      Potential
    1.66419e+04    4.47877e+04   -4.05238e+05    4.33097e+03   -3.30016e+05
 Pressure (bar)
   -1.99184e+03

           Step           Time
             67       67.00000

   Energies (kJ/mol)
           Bond          Angle    Proper Dih. Per. Imp. Dih.          LJ-14
    4.32426e+02    1.09675e+03    4.94624e+03    1.22551e+02    2.05056e+03
     Coulomb-14        LJ (SR)   Coulomb (SR)   Coul. recip.      Potential
    1.66353e+04    4.47499e+04   -4.05339e+05    4.29342e+03   -3.31012e+05
 Pressure (bar)
   -1.98597e+03

           Step           Time
             68       68.00000

           Step           Time
             69       69.00000

   Energies (kJ/mol)
           Bond          Angle    Proper Dih. Per. Imp. Dih.          LJ-14
    4.67880e+02    1.09901e+03    4.94713e+03    1.22821e+02    2.04926e+03
     Coulomb-14        LJ (SR)   Coulomb (SR)   Coul. recip.      Potential
    1.66360e+04    4.46775e+04   -4.05517e+05    4.28542e+03   -3.31232e+05
 Pressure (bar)
   -2.02598e+03

           Step           Time
             70       70.00000

   Energies (kJ/mol)
           Bond          Angle    Proper Dih. Per. Imp. Dih.          LJ-14
    5.53950e+02    1.10502e+03    4.94458e+03    1.22084e+02    2.04574e+03
     Coulomb-14        LJ (SR)   Coulomb (SR)   Coul. recip.      Potential
    1.66295e+04    4.46160e+04   -4.05682e+05    4.24877e+03   -3.31416e+05
 Pressure (bar)
   -2.07035e+03

           Step           Time
             71       71.00000

   Energies (kJ/mol)
           Bond          Angle    Proper Dih. Per. Imp. Dih.          LJ-14
    6.28150e+02    1.11255e+03    4.94617e+03    1.22635e+02    2.04478e+03
     Coulomb-14        LJ (SR)   Coulomb (SR)   Coul. recip.      Potential
    1.66317e+04    4.45455e+04   -4.05858e+05    4.24737e+03   -3.31580e+05
 Pressure (bar)
   -2.11358e+03

           Step           Time
             72       72.00000

   Energies (kJ/mol)
           Bond          Angle    Proper Dih. Per. Imp. Dih.          LJ-14
    7.97177e+02    1.12619e+03    4.94285e+03    1.21702e+02    2.04104e+03
     Coulomb-14        LJ (SR)   Coulomb (SR)   Coul. recip.      Potential
    1.66238e+04    4.44892e+04   -4.06016e+05    4.20539e+03   -3.31669e+05
 Pressure (bar)
   -2.15871e+03

           Step           Time
             73       73.00000

   Energies (kJ/mol)
           Bond          Angle    Proper Dih. Per. Imp. Dih.          LJ-14
    9.56319e+02    1.14416e+03    4.94541e+03    1.22719e+02    2.04063e+03
     Coulomb-14        LJ (SR)   Coulomb (SR)   Coul. recip.      Potential
    1.66278e+04    4.44190e+04   -4.06193e+05    4.21265e+03   -3.31724e+05
 Pressure (bar)
   -2.20649e+03

           Step           Time
             74       74.00000

           Step           Time
             75       75.00000

   Energies (kJ/mol)
           Bond          Angle    Proper Dih. Per. Imp. Dih.          LJ-14
    3.14635e+02    1.07728e+03    4.94313e+03    1.21849e+02    2.03773e+03
     Coulomb-14        LJ (SR)   Coulomb (SR)   Coul. recip.      Potential
    1.66230e+04    4.43914e+04   -4.06266e+05    4.18515e+03   -3.32571e+05
 Pressure (bar)
   -2.19040e+03

           Step           Time
             76       76.00000

   Energies (kJ/mol)
           Bond          Angle    Proper Dih. Per. Imp. Dih.          LJ-14
    1.18218e+03    1.14927e+03    4.94225e+03    1.21139e+02    2.02810e+03
     Coulomb-14        LJ (SR)   Coulomb (SR)   Coul. recip.      Potential
    1.66115e+04    4.40783e+04   -4.07116e+05    4.09960e+03   -3.32904e+05
 Pressure (bar)
   -2.42276e+03

           Step           Time
             77       77.00000

   Energies (kJ/mol)
           Bond          Angle    Proper Dih. Per. Imp. Dih.          LJ-14
    4.00106e+02    1.07602e+03    4.93923e+03    1.20237e+02    2.02424e+03
     Coulomb-14        LJ (SR)   Coulomb (SR)   Coul. recip.      Potential
    1.66071e+04    4.40522e+04   -4.07200e+05    4.06775e+03   -3.33913e+05
 Pressure (bar)
   -2.41177e+03

           Step           Time
             78       78.00000

           Step           Time
             79       79.00000

   Energies (kJ/mol)
           Bond          Angle    Proper Dih. Per. Imp. Dih.          LJ-14
    4.81722e+02    1.08360e+03    4.94007e+03    1.20554e+02    2.02283e+03
     Coulomb-14        LJ (SR)   Coulomb (SR)   Coul. recip.      Potential
    1.66072e+04    4.39904e+04   -4.07369e+05    4.06101e+03   -3.34062e+05
 Pressure (bar)
   -2.44941e+03

           Step           Time
             80       80.00000

   Energies (kJ/mol)
           Bond          Angle    Proper Dih. Per. Imp. Dih.          LJ-14
    5.06629e+02    1.08387e+03    4.93772e+03    1.19847e+02    2.02004e+03
     Coulomb-14        LJ (SR)   Coulomb (SR)   Coul. recip.      Potential
    1.66023e+04    4.39485e+04   -4.07499e+05    4.03110e+03   -3.34250e+05
 Pressure (bar)
   -2.47990e+03

           Step           Time
             81       81.00000

   Energies (kJ/mol)
           Bond          Angle    Proper Dih. Per. Imp. Dih.          LJ-14
    6.49326e+02    1.09883e+03    4.93926e+03    1.20487e+02    2.01895e+03
     Coulomb-14        LJ (SR)   Coulomb (SR)   Coul. recip.      Potential
    1.66034e+04    4.38895e+04   -4.07663e+05    4.03061e+03   -3.34313e+05
 Pressure (bar)
   -2.52144e+03

           Step           Time
             82       82.00000

   Energies (kJ/mol)
           Bond          Angle    Proper Dih. Per. Imp. Dih.          LJ-14
    7.27950e+02    1.10362e+03    4.93614e+03    1.19544e+02    2.01596e+03
     Coulomb-14        LJ (SR)   Coulomb (SR)   Coul. recip.      Potential
    1.65973e+04    4.38509e+04   -4.07790e+05    3.99522e+03   -3.34443e+05
 Pressure (bar)
   -2.55301e+03

           Step           Time
             83       83.00000

           Step           Time
             84       84.00000

   Energies (kJ/mol)
           Bond          Angle    Proper Dih. Per. Imp. Dih.          LJ-14
    3.09125e+02    1.06291e+03    4.93735e+03    1.19950e+02    2.01507e+03
     Coulomb-14        LJ (SR)   Coulomb (SR)   Coul. recip.      Potential
    1.65987e+04    4.38200e+04   -4.07870e+05    3.99731e+03   -3.35010e+05
 Pressure (bar)
   -2.54869e+03

           Step           Time
             85       85.00000

   Energies (kJ/mol)
           Bond          Angle    Proper Dih. Per. Imp. Dih.          LJ-14
    9.11124e+02    1.11196e+03    4.93333e+03    1.18658e+02    2.00690e+03
     Coulomb-14        LJ (SR)   Coulomb (SR)   Coul. recip.      Potential
    1.65853e+04    4.36325e+04   -4.08455e+05    3.91551e+03   -3.35240e+05
 Pressure (bar)
   -2.70153e+03

           Step           Time
             86       86.00000

   Energies (kJ/mol)
           Bond          Angle    Proper Dih. Per. Imp. Dih.          LJ-14
    3.67987e+02    1.06364e+03    4.93508e+03    1.19298e+02    2.00555e+03
     Coulomb-14        LJ (SR)   Coulomb (SR)   Coul. recip.      Potential
    1.65881e+04    4.35984e+04   -4.08550e+05    3.92195e+03   -3.35950e+05
 Pressure (bar)
   -2.69985e+03

           Step           Time
             87       87.00000

           Step           Time
             88       88.00000

   Energies (kJ/mol)
           Bond          Angle    Proper Dih. Per. Imp. Dih.          LJ-14
    4.25026e+02    1.06590e+03    4.93323e+03    1.18630e+02    2.00329e+03
     Coulomb-14        LJ (SR)   Coulomb (SR)   Coul. recip.      Potential
    1.65841e+04    4.35576e+04   -4.08685e+05    3.89664e+03   -3.36101e+05
 Pressure (bar)
   -2.72877e+03

           Step           Time
             89       89.00000

   Energies (kJ/mol)
           Bond          Angle    Proper Dih. Per. Imp. Dih.          LJ-14
    4.44704e+02    1.06957e+03    4.93420e+03    1.19035e+02    2.00193e+03
     Coulomb-14        LJ (SR)   Coulomb (SR)   Coul. recip.      Potential
    1.65842e+04    4.35138e+04   -4.08820e+05    3.89402e+03   -3.36258e+05
 Pressure (bar)
   -2.75887e+03

           Step           Time
             90       90.00000

   Energies (kJ/mol)
           Bond          Angle    Proper Dih. Per. Imp. Dih.          LJ-14
    5.44293e+02    1.07555e+03    4.93185e+03    1.18236e+02    1.99959e+03
     Coulomb-14        LJ (SR)   Coulomb (SR)   Coul. recip.      Potential
    1.65798e+04    4.34776e+04   -4.08948e+05    3.86588e+03   -3.36355e+05
 Pressure (bar)
   -2.78930e+03

           Step           Time
             91       91.00000

   Energies (kJ/mol)
           Bond          Angle    Proper Dih. Per. Imp. Dih.          LJ-14
    6.04779e+02    1.08435e+03    4.93345e+03    1.18992e+02    1.99847e+03
     Coulomb-14        LJ (SR)   Coulomb (SR)   Coul. recip.      Potential
    1.65806e+04    4.34330e+04   -4.09084e+05    3.86812e+03   -3.36462e+05
 Pressure (bar)
   -2.82109e+03

           Step           Time
             92       92.00000

   Energies (kJ/mol)
           Bond          Angle    Proper Dih. Per. Imp. Dih.          LJ-14
    7.85316e+02    1.09779e+03    4.93037e+03    1.17935e+02    1.99605e+03
     Coulomb-14        LJ (SR)   Coulomb (SR)   Coul. recip.      Potential
    1.65755e+04    4.34016e+04   -4.09205e+05    3.83550e+03   -3.36465e+05
 Pressure (bar)
   -2.85394e+03

           Step           Time
             93       93.00000

           Step           Time
             94       94.00000

   Energies (kJ/mol)
           Bond          Angle    Proper Dih. Per. Imp. Dih.          LJ-14
    3.00429e+02    1.05135e+03    4.93160e+03    1.18416e+02    1.99502e+03
     Coulomb-14        LJ (SR)   Coulomb (SR)   Coul. recip.      Potential
    1.65765e+04    4.33766e+04   -4.09274e+05    3.83838e+03   -3.37085e+05
 Pressure (bar)
   -2.84369e+03

           Step           Time
             95       95.00000

   Energies (kJ/mol)
           Bond          Angle    Proper Dih. Per. Imp. Dih.          LJ-14
    9.52876e+02    1.10195e+03    4.92642e+03    1.16563e+02    1.98343e+03
     Coulomb-14        LJ (SR)   Coulomb (SR)   Coul. recip.      Potential
    1.65580e+04    4.31333e+04   -4.10134e+05    3.72896e+03   -3.37633e+05
 Pressure (bar)
   -3.04708e+03

           Step           Time
             96       96.00000

   Energies (kJ/mol)
           Bond          Angle    Proper Dih. Per. Imp. Dih.          LJ-14
    3.54891e+02    1.05035e+03    4.92815e+03    1.17260e+02    1.98169e+03
     Coulomb-14        LJ (SR)   Coulomb (SR)   Coul. recip.      Potential
    1.65609e+04    4.31064e+04   -4.10219e+05    3.73656e+03   -3.38383e+05
 Pressure (bar)
   -3.04287e+03

           Step           Time
             97       97.00000

           Step           Time
             98       98.00000

   Energies (kJ/mol)
           Bond          Angle    Proper Dih. Per. Imp. Dih.          LJ-14
    4.36709e+02    1.05487e+03    4.92630e+03    1.16569e+02    1.97974e+03
     Coulomb-14        LJ (SR)   Coulomb (SR)   Coul. recip.      Potential
    1.65580e+04    4.30736e+04   -4.10348e+05    3.71416e+03   -3.38488e+05
 Pressure (bar)
   -3.06910e+03

           Step           Time
             99       99.00000

   Energies (kJ/mol)
           Bond          Angle    Proper Dih. Per. Imp. Dih.          LJ-14
    4.29033e+02    1.05672e+03    4.92725e+03    1.17071e+02    1.97849e+03
     Coulomb-14        LJ (SR)   Coulomb (SR)   Coul. recip.      Potential
    1.65578e+04    4.30409e+04   -4.10460e+05    3.71355e+03   -3.38639e+05
 Pressure (bar)
   -3.09084e+03

           Step           Time
            100      100.00000

   Energies (kJ/mol)
           Bond          Angle    Proper Dih. Per. Imp. Dih.          LJ-14
    5.61130e+02    1.06548e+03    4.92496e+03    1.16239e+02    1.97660e+03
     Coulomb-14        LJ (SR)   Coulomb (SR)   Coul. recip.      Potential
    1.65545e+04    4.30135e+04   -4.10578e+05    3.68873e+03   -3.38676e+05
 Pressure (bar)
   -3.11874e+03

           Step           Time
            101      101.00000

   Energies (kJ/mol)
           Bond          Angle    Proper Dih. Per. Imp. Dih.          LJ-14
    5.87572e+02    1.07202e+03    4.92652e+03    1.17154e+02    1.97544e+03
     Coulomb-14        LJ (SR)   Coulomb (SR)   Coul. recip.      Potential
    1.65546e+04    4.29793e+04   -4.10696e+05    3.69234e+03   -3.38791e+05
 Pressure (bar)
   -3.14328e+03

           Step           Time
            102      102.00000

           Step           Time
            103      103.00000

   Energies (kJ/mol)
           Bond          Angle    Proper Dih. Per. Imp. Dih.          LJ-14
    3.02927e+02    1.04085e+03    4.92501e+03    1.16433e+02    1.97408e+03
     Coulomb-14        LJ (SR)   Coulomb (SR)   Coul. recip.      Potential
    1.65528e+04    4.29666e+04   -4.10749e+05    3.67661e+03   -3.39194e+05
 Pressure (bar)
   -3.13841e+03

           Step           Time
            104      104.00000

   Energies (kJ/mol)
           Bond          Angle    Proper Dih. Per. Imp. Dih.          LJ-14
    7.34301e+02    1.08119e+03    4.92442e+03    1.16402e+02    1.96879e+03
     Coulomb-14        LJ (SR)   Coulomb (SR)   Coul. recip.      Potential
    1.65456e+04    4.28530e+04   -4.11197e+05    3.64090e+03   -3.39333e+05
 Pressure (bar)
   -3.24385e+03

           Step           Time
            105      105.00000

   Energies (kJ/mol)
           Bond          Angle    Proper Dih. Per. Imp. Dih.          LJ-14
    3.49127e+02    1.04171e+03    4.92238e+03    1.15546e+02    1.96695e+03
     Coulomb-14        LJ (SR)   Coulomb (SR)   Coul. recip.      Potential
    1.65444e+04    4.28410e+04   -4.11257e+05    3.62183e+03   -3.39854e+05
 Pressure (bar)
   -3.23896e+03

           Step           Time
            106      106.00000

           Step           Time
            107      107.00000

   Energies (kJ/mol)
           Bond          Angle    Proper Dih. Per. Imp. Dih.          LJ-14
    3.84742e+02    1.04620e+03    4.92283e+03    1.15894e+02    1.96561e+03
     Coulomb-14        LJ (SR)   Coulomb (SR)   Coul. recip.      Potential
    1.65431e+04    4.28104e+04   -4.11377e+05    3.61719e+03   -3.39971e+05
 Pressure (bar)
   -3.26162e+03

           Step           Time
            108      108.00000

   Energies (kJ/mol)
           Bond          Angle    Proper Dih. Per. Imp. Dih.          LJ-14
    4.07397e+02    1.04570e+03    4.92112e+03    1.15230e+02    1.96403e+03
     Coulomb-14        LJ (SR)   Coulomb (SR)   Coul. recip.      Potential
    1.65409e+04    4.27900e+04   -4.11474e+05    3.59861e+03   -3.40091e+05
 Pressure (bar)
   -3.28136e+03

           Step           Time
            109      109.00000

   Energies (kJ/mol)
           Bond          Angle    Proper Dih. Per. Imp. Dih.          LJ-14
    4.77705e+02    1.05474e+03    4.92202e+03    1.15857e+02    1.96275e+03
     Coulomb-14        LJ (SR)   Coulomb (SR)   Coul. recip.      Potential
    1.65399e+04    4.27597e+04   -4.11593e+05    3.59751e+03   -3.40163e+05
 Pressure (bar)
   -3.30656e+03

           Step           Time
            110      110.00000

   Energies (kJ/mol)
           Bond          Angle    Proper Dih. Per. Imp. Dih.          LJ-14
    5.28556e+02    1.05605e+03    4.91978e+03    1.14951e+02    1.96119e+03
     Coulomb-14        LJ (SR)   Coulomb (SR)   Coul. recip.      Potential
    1.65376e+04    4.27416e+04   -4.11687e+05    3.57570e+03   -3.40251e+05
 Pressure (bar)
   -3.32620e+03

           Step           Time
            111      111.00000

           Step           Time
            112      112.00000

   Energies (kJ/mol)
           Bond          Angle    Proper Dih. Per. Imp. Dih.          LJ-14
    2.97432e+02    1.03488e+03    4.92054e+03    1.15378e+02    1.96028e+03
     Coulomb-14        LJ (SR)   Coulomb (SR)   Coul. recip.      Potential
    1.65373e+04    4.27251e+04   -4.11746e+05    3.57656e+03   -3.40579e+05
 Pressure (bar)
   -3.32537e+03

           Step           Time
            113      113.00000

   Energies (kJ/mol)
           Bond          Angle    Proper Dih. Per. Imp. Dih.          LJ-14
    6.30181e+02    1.06120e+03    4.91704e+03    1.14232e+02    1.95441e+03
     Coulomb-14        LJ (SR)   Coulomb (SR)   Coul. recip.      Potential
    1.65285e+04    4.26279e+04   -4.12201e+05    3.52219e+03   -3.40845e+05
 Pressure (bar)
   -3.42305e+03

           Step           Time
            114      114.00000

   Energies (kJ/mol)
           Bond          Angle    Proper Dih. Per. Imp. Dih.          LJ-14
    3.33301e+02    1.03592e+03    4.91819e+03    1.14889e+02    1.95310e+03
     Coulomb-14        LJ (SR)   Coulomb (SR)   Coul. recip.      Potential
    1.65290e+04    4.26093e+04   -4.12273e+05    3.52567e+03   -3.41253e+05
 Pressure (bar)
   -3.42431e+03

           Step           Time
            115      115.00000

           Step           Time
            116      116.00000

   Energies (kJ/mol)
           Bond          Angle    Proper Dih. Per. Imp. Dih.          LJ-14
    3.61274e+02    1.03603e+03    4.91677e+03    1.14280e+02    1.95174e+03
     Coulomb-14        LJ (SR)   Coulomb (SR)   Coul. recip.      Potential
    1.65271e+04    4.25898e+04   -4.12372e+05    3.50972e+03   -3.41366e+05
 Pressure (bar)
   -3.44193e+03

           Step           Time
            117      117.00000

   Energies (kJ/mol)
           Bond          Angle    Proper Dih. Per. Imp. Dih.          LJ-14
    3.79988e+02    1.03980e+03    4.91728e+03    1.14704e+02    1.95043e+03
     Coulomb-14        LJ (SR)   Coulomb (SR)   Coul. recip.      Potential
    1.65260e+04    4.25665e+04   -4.12476e+05    3.50718e+03   -3.41474e+05
 Pressure (bar)
   -3.46190e+03

           Step           Time
            118      118.00000

   Energies (kJ/mol)
           Bond          Angle    Proper Dih. Per. Imp. Dih.          LJ-14
    4.28075e+02    1.04121e+03    4.91551e+03    1.13951e+02    1.94911e+03
     Coulomb-14        LJ (SR)   Coulomb (SR)   Coul. recip.      Potential
    1.65242e+04    4.25496e+04   -4.12570e+05    3.48945e+03   -3.41559e+05
 Pressure (bar)
   -3.48009e+03

           Step           Time
            119      119.00000

   Energies (kJ/mol)
           Bond          Angle    Proper Dih. Per. Imp. Dih.          LJ-14
    4.77252e+02    1.04900e+03    4.91645e+03    1.14697e+02    1.94785e+03
     Coulomb-14        LJ (SR)   Coulomb (SR)   Coul. recip.      Potential
    1.65231e+04    4.25256e+04   -4.12677e+05    3.48990e+03   -3.41633e+05
 Pressure (bar)
   -3.50161e+03

           Step           Time
            120      120.00000

   Energies (kJ/mol)
           Bond          Angle    Proper Dih. Per. Imp. Dih.          LJ-14
    5.65159e+02    1.05343e+03    4.91416e+03    1.13678e+02    1.94660e+03
     Coulomb-14        LJ (SR)   Coulomb (SR)   Coul. recip.      Potential
    1.65213e+04    4.25114e+04   -4.12766e+05    3.46928e+03   -3.41671e+05
 Pressure (bar)
   -3.52077e+03

           Step           Time
            121      121.00000

           Step           Time
            122      122.00000

   Energies (kJ/mol)
           Bond          Angle    Proper Dih. Per. Imp. Dih.          LJ-14
    2.94568e+02    1.02868e+03    4.91495e+03    1.14181e+02    1.94563e+03
     Coulomb-14        LJ (SR)   Coulomb (SR)   Coul. recip.      Potential
    1.65209e+04    4.24976e+04   -4.12820e+05    3.47066e+03   -3.42033e+05
 Pressure (bar)
   -3.51666e+03

           Step           Time
            123      123.00000

   Energies (kJ/mol)
           Bond          Angle    Proper Dih. Per. Imp. Dih.          LJ-14
    6.73348e+02    1.05869e+03    4.91069e+03    1.12768e+02    1.93879e+03
     Coulomb-14        LJ (SR)   Coulomb (SR)   Coul. recip.      Potential
    1.65107e+04    4.23964e+04   -4.13373e+05    3.40866e+03   -3.42363e+05
 Pressure (bar)
   -3.62851e+03

           Step           Time
            124      124.00000

   Energies (kJ/mol)
           Bond          Angle    Proper Dih. Per. Imp. Dih.          LJ-14
    3.31856e+02    1.02975e+03    4.91186e+03    1.13516e+02    1.93732e+03
     Coulomb-14        LJ (SR)   Coulomb (SR)   Coul. recip.      Potential
    1.65112e+04    4.23810e+04   -4.13440e+05    3.41283e+03   -3.42811e+05
 Pressure (bar)
   -3.62727e+03

           Step           Time
            125      125.00000

           Step           Time
            126      126.00000

   Energies (kJ/mol)
           Bond          Angle    Proper Dih. Per. Imp. Dih.          LJ-14
    3.71877e+02    1.03093e+03    4.91039e+03    1.12854e+02    1.93613e+03
     Coulomb-14        LJ (SR)   Coulomb (SR)   Coul. recip.      Potential
    1.65098e+04    4.23655e+04   -4.13536e+05    3.39800e+03   -3.42900e+05
 Pressure (bar)
   -3.64345e+03

           Step           Time
            127      127.00000

   Energies (kJ/mol)
           Bond          Angle    Proper Dih. Per. Imp. Dih.          LJ-14
    3.81366e+02    1.03416e+03    4.91091e+03    1.13367e+02    1.93492e+03
     Coulomb-14        LJ (SR)   Coulomb (SR)   Coul. recip.      Potential
    1.65086e+04    4.23473e+04   -4.13629e+05    3.39674e+03   -3.43002e+05
 Pressure (bar)
   -3.65992e+03

           Step           Time
            128      128.00000

   Energies (kJ/mol)
           Bond          Angle    Proper Dih. Per. Imp. Dih.          LJ-14
    4.47008e+02    1.03714e+03    4.90911e+03    1.12543e+02    1.93382e+03
     Coulomb-14        LJ (SR)   Coulomb (SR)   Coul. recip.      Potential
    1.65074e+04    4.23346e+04   -4.13718e+05    3.38027e+03   -3.43056e+05
 Pressure (bar)
   -3.67695e+03

           Step           Time
            129      129.00000

   Energies (kJ/mol)
           Bond          Angle    Proper Dih. Per. Imp. Dih.          LJ-14
    4.86006e+02    1.04437e+03    4.91006e+03    1.13431e+02    1.93260e+03
     Coulomb-14        LJ (SR)   Coulomb (SR)   Coul. recip.      Potential
    1.65060e+04    4.23154e+04   -4.13815e+05    3.38175e+03   -3.43126e+05
 Pressure (bar)
   -3.69536e+03

           Step           Time
            130      130.00000

           Step           Time
            131      131.00000

   Energies (kJ/mol)
           Bond          Angle    Proper Dih. Per. Imp. Dih.          LJ-14
    2.94502e+02    1.02303e+03    4.90891e+03    1.12747e+02    1.93183e+03
     Coulomb-14        LJ (SR)   Coulomb (SR)   Coul. recip.      Potential
    1.65056e+04    4.23095e+04   -4.13856e+05    3.37134e+03   -3.43399e+05
 Pressure (bar)
   -3.69185e+03

           Step           Time
            132      132.00000

   Energies (kJ/mol)
           Bond          Angle    Proper Dih. Per. Imp. Dih.          LJ-14
    5.87782e+02    1.05088e+03    4.90735e+03    1.12606e+02    1.92663e+03
     Coulomb-14        LJ (SR)   Coulomb (SR)   Coul. recip.      Potential
    1.64980e+04    4.22384e+04   -4.14292e+05    3.33839e+03   -3.43632e+05
 Pressure (bar)
   -3.77616e+03

           Step           Time
            133      133.00000

   Energies (kJ/mol)
           Bond          Angle    Proper Dih. Per. Imp. Dih.          LJ-14
    3.20174e+02    1.02293e+03    4.90581e+03    1.11807e+02    1.92556e+03
     Coulomb-14        LJ (SR)   Coulomb (SR)   Coul. recip.      Potential
    1.64985e+04    4.22332e+04   -4.14338e+05    3.32582e+03   -3.43994e+05
 Pressure (bar)
   -3.77245e+03

           Step           Time
            134      134.00000

           Step           Time
            135      135.00000

   Energies (kJ/mol)
           Bond          Angle    Proper Dih. Per. Imp. Dih.          LJ-14
    3.57713e+02    1.02771e+03    4.90591e+03    1.12168e+02    1.92431e+03
     Coulomb-14        LJ (SR)   Coulomb (SR)   Coul. recip.      Potential
    1.64968e+04    4.22160e+04   -4.14442e+05    3.32150e+03   -3.44080e+05
 Pressure (bar)
   -3.78991e+03

           Step           Time
            136      136.00000

   Energies (kJ/mol)
           Bond          Angle    Proper Dih. Per. Imp. Dih.          LJ-14
    3.54468e+02    1.02515e+03    4.90454e+03    1.11547e+02    1.92337e+03
     Coulomb-14        LJ (SR)   Coulomb (SR)   Coul. recip.      Potential
    1.64962e+04    4.22070e+04   -4.14515e+05    3.30922e+03   -3.44183e+05
 Pressure (bar)
   -3.80140e+03

           Step           Time
            137      137.00000

   Energies (kJ/mol)
           Bond          Angle    Proper Dih. Per. Imp. Dih.          LJ-14
    4.22595e+02    1.03381e+03    4.90498e+03    1.12167e+02    1.92213e+03
     Coulomb-14        LJ (SR)   Coulomb (SR)   Coul. recip.      Potential
    1.64943e+04    4.21903e+04   -4.14618e+05    3.30741e+03   -3.44230e+05
 Pressure (bar)
   -3.82067e+03

           Step           Time
            138      138.00000

   Energies (kJ/mol)
           Bond          Angle    Proper Dih. Per. Imp. Dih.          LJ-14
    4.28044e+02    1.03125e+03    4.90322e+03    1.11300e+02    1.92125e+03
     Coulomb-14        LJ (SR)   Coulomb (SR)   Coul. recip.      Potential
    1.64939e+04    4.21825e+04   -4.14688e+05    3.29283e+03   -3.44324e+05
 Pressure (bar)
   -3.83190e+03

           Step           Time
            139      139.00000

           Step           Time
            140      140.00000

   Energies (kJ/mol)
           Bond          Angle    Proper Dih. Per. Imp. Dih.          LJ-14
    2.95751e+02    1.01974e+03    4.90368e+03    1.11732e+02    1.92043e+03
     Coulomb-14        LJ (SR)   Coulomb (SR)   Coul. recip.      Potential
    1.64930e+04    4.21734e+04   -4.14739e+05    3.29295e+03   -3.44529e+05
 Pressure (bar)
   -3.83305e+03

           Step           Time
            141      141.00000

   Energies (kJ/mol)
           Bond          Angle    Proper Dih. Per. Imp. Dih.          LJ-14
    4.93606e+02    1.03547e+03    4.90096e+03    1.10838e+02    1.91730e+03
     Coulomb-14        LJ (SR)   Coulomb (SR)   Coul. recip.      Potential
    1.64890e+04    4.21380e+04   -4.15015e+05    3.26283e+03   -3.44667e+05
 Pressure (bar)
   -3.88479e+03

           Step           Time
            142      142.00000

   Energies (kJ/mol)
           Bond          Angle    Proper Dih. Per. Imp. Dih.          LJ-14
    3.24362e+02    1.02158e+03    4.90169e+03    1.11503e+02    1.91618e+03
     Coulomb-14        LJ (SR)   Coulomb (SR)   Coul. recip.      Potential
    1.64881e+04    4.21276e+04   -4.15076e+05    3.26456e+03   -3.44921e+05
 Pressure (bar)
   -3.88727e+03

           Step           Time
            143      143.00000

           Step           Time
            144      144.00000

   Energies (kJ/mol)
           Bond          Angle    Proper Dih. Per. Imp. Dih.          LJ-14
    3.27917e+02    1.01997e+03    4.90053e+03    1.10934e+02    1.91535e+03
     Coulomb-14        LJ (SR)   Coulomb (SR)   Coul. recip.      Potential
    1.64874e+04    4.21192e+04   -4.15149e+05    3.25393e+03   -3.45014e+05
 Pressure (bar)
   -3.89765e+03

           Step           Time
            145      145.00000

   Energies (kJ/mol)
           Bond          Angle    Proper Dih. Per. Imp. Dih.          LJ-14
    3.59497e+02    1.02463e+03    4.90070e+03    1.11348e+02    1.91415e+03
     Coulomb-14        LJ (SR)   Coulomb (SR)   Coul. recip.      Potential
    1.64858e+04    4.21060e+04   -4.15244e+05    3.25100e+03   -3.45091e+05
 Pressure (bar)
   -3.91394e+03

           Step           Time
            146      146.00000

   Energies (kJ/mol)
           Bond          Angle    Proper Dih. Per. Imp. Dih.          LJ-14
    3.68818e+02    1.02302e+03    4.89927e+03    1.10623e+02    1.91335e+03
     Coulomb-14        LJ (SR)   Coulomb (SR)   Coul. recip.      Potential
    1.64854e+04    4.20988e+04   -4.15315e+05    3.23894e+03   -3.45176e+05
 Pressure (bar)
   -3.92466e+03

           Step           Time
            147      147.00000

   Energies (kJ/mol)
           Bond          Angle    Proper Dih. Per. Imp. Dih.          LJ-14
    4.30637e+02    1.03143e+03    4.89976e+03    1.11338e+02    1.91216e+03
     Coulomb-14        LJ (SR)   Coulomb (SR)   Coul. recip.      Potential
    1.64835e+04    4.20855e+04   -4.15410e+05    3.23825e+03   -3.45217e+05
 Pressure (bar)
   -3.94216e+03

           Step           Time
            148      148.00000

   Energies (kJ/mol)
           Bond          Angle    Proper Dih. Per. Imp. Dih.          LJ-14
    4.55163e+02    1.03053e+03    4.89793e+03    1.10353e+02    1.91144e+03
     Coulomb-14        LJ (SR)   Coulomb (SR)   Coul. recip.      Potential
    1.64835e+04    4.20796e+04   -4.15478e+05    3.22406e+03   -3.45285e+05
 Pressure (bar)
   -3.95318e+03

           Step           Time
            149      149.00000

           Step           Time
            150      150.00000

   Energies (kJ/mol)
           Bond          Angle    Proper Dih. Per. Imp. Dih.          LJ-14
    2.94577e+02    1.01634e+03    4.89842e+03    1.10847e+02    1.91060e+03
     Coulomb-14        LJ (SR)   Coulomb (SR)   Coul. recip.      Potential
    1.64825e+04    4.20719e+04   -4.15526e+05    3.22460e+03   -3.45516e+05
 Pressure (bar)
   -3.95216e+03

           Step           Time
            151      151.00000

   Energies (kJ/mol)
           Bond          Angle    Proper Dih. Per. Imp. Dih.          LJ-14
    5.30333e+02    1.03556e+03    4.89530e+03    1.09777e+02    1.90726e+03
     Coulomb-14        LJ (SR)   Coulomb (SR)   Coul. recip.      Potential
    1.64782e+04    4.20392e+04   -4.15836e+05    3.19227e+03   -3.45648e+05
 Pressure (bar)
   -4.00860e+03

           Step           Time
            152      152.00000

   Energies (kJ/mol)
           Bond          Angle    Proper Dih. Per. Imp. Dih.          LJ-14
    3.25271e+02    1.01838e+03    4.89608e+03    1.10530e+02    1.90608e+03
     Coulomb-14        LJ (SR)   Coulomb (SR)   Coul. recip.      Potential
    1.64773e+04    4.20304e+04   -4.15894e+05    3.19455e+03   -3.45936e+05
 Pressure (bar)
   -4.00895e+03

           Step           Time
            153      153.00000

           Step           Time
            154      154.00000

   Energies (kJ/mol)
           Bond          Angle    Proper Dih. Per. Imp. Dih.          LJ-14
    3.36804e+02    1.01754e+03    4.89486e+03    1.09902e+02    1.90534e+03
     Coulomb-14        LJ (SR)   Coulomb (SR)   Coul. recip.      Potential
    1.64769e+04    4.20237e+04   -4.15967e+05    3.18418e+03   -3.46017e+05
 Pressure (bar)
   -4.01886e+03

           Step           Time
            155      155.00000

   Energies (kJ/mol)
           Bond          Angle    Proper Dih. Per. Imp. Dih.          LJ-14
    3.63801e+02    1.02185e+03    4.89507e+03    1.10390e+02    1.90422e+03
     Coulomb-14        LJ (SR)   Coulomb (SR)   Coul. recip.      Potential
    1.64753e+04    4.20136e+04   -4.16053e+05    3.18228e+03   -3.46087e+05
 Pressure (bar)
   -4.03313e+03

           Step           Time
            156      156.00000

   Energies (kJ/mol)
           Bond          Angle    Proper Dih. Per. Imp. Dih.          LJ-14
    3.85136e+02    1.02143e+03    4.89358e+03    1.09592e+02    1.90354e+03
     Coulomb-14        LJ (SR)   Coulomb (SR)   Coul. recip.      Potential
    1.64752e+04    4.20082e+04   -4.16122e+05    3.17056e+03   -3.46155e+05
 Pressure (bar)
   -4.04352e+03

           Step           Time
            157      157.00000

   Energies (kJ/mol)
           Bond          Angle    Proper Dih. Per. Imp. Dih.          LJ-14
    4.42840e+02    1.02955e+03    4.89413e+03    1.10420e+02    1.90241e+03
     Coulomb-14        LJ (SR)   Coulomb (SR)   Coul. recip.      Potential
    1.64731e+04    4.19976e+04   -4.16211e+05    3.17081e+03   -3.46190e+05
 Pressure (bar)
   -4.05927e+03

           Step           Time
            158      158.00000

   Energies (kJ/mol)
           Bond          Angle    Proper Dih. Per. Imp. Dih.          LJ-14
    4.86194e+02    1.03055e+03    4.89223e+03    1.09327e+02    1.90183e+03
     Coulomb-14        LJ (SR)   Coulomb (SR)   Coul. recip.      Potential
    1.64736e+04    4.19936e+04   -4.16276e+05    3.15699e+03   -3.46231e+05
 Pressure (bar)
   -4.07022e+03

           Step           Time
            159      159.00000

           Step           Time
            160      160.00000

   Energies (kJ/mol)
           Bond          Angle    Proper Dih. Per. Imp. Dih.          LJ-14
    2.93944e+02    1.01322e+03    4.89276e+03    1.09892e+02    1.90097e+03
     Coulomb-14        LJ (SR)   Coulomb (SR)   Coul. recip.      Potential
    1.64724e+04    4.19872e+04   -4.16321e+05    3.15787e+03   -3.46493e+05
 Pressure (bar)
   -4.06690e+03

           Step           Time
            161      161.00000

   Energies (kJ/mol)
           Bond          Angle    Proper Dih. Per. Imp. Dih.          LJ-14
    5.72577e+02    1.03642e+03    4.88920e+03    1.08673e+02    1.89751e+03
     Coulomb-14        LJ (SR)   Coulomb (SR)   Coul. recip.      Potential
    1.64680e+04    4.19588e+04   -4.16663e+05    3.12376e+03   -3.46608e+05
 Pressure (bar)
   -4.12724e+03

           Step           Time
            162      162.00000

   Energies (kJ/mol)
           Bond          Angle    Proper Dih. Per. Imp. Dih.          LJ-14
    3.27738e+02    1.01554e+03    4.89005e+03    1.09518e+02    1.89626e+03
     Coulomb-14        LJ (SR)   Coulomb (SR)   Coul. recip.      Potential
    1.64671e+04    4.19515e+04   -4.16720e+05    3.12657e+03   -3.46936e+05
 Pressure (bar)
   -4.12556e+03

           Step           Time
            163      163.00000

           Step           Time
            164      164.00000

   Energies (kJ/mol)
           Bond          Angle    Proper Dih. Per. Imp. Dih.          LJ-14
    3.46766e+02    1.01546e+03    4.88877e+03    1.08827e+02    1.89561e+03
     Coulomb-14        LJ (SR)   Coulomb (SR)   Coul. recip.      Potential
    1.64669e+04    4.19467e+04   -4.16790e+05    3.11654e+03   -3.47005e+05
 Pressure (bar)
   -4.13486e+03

           Step           Time
            165      165.00000

   Energies (kJ/mol)
           Bond          Angle    Proper Dih. Per. Imp. Dih.          LJ-14
    3.70728e+02    1.01954e+03    4.88903e+03    1.09395e+02    1.89457e+03
     Coulomb-14        LJ (SR)   Coulomb (SR)   Coul. recip.      Potential
    1.64652e+04    4.19390e+04   -4.16871e+05    3.11549e+03   -3.47068e+05
 Pressure (bar)
   -4.14755e+03

           Step           Time
            166      166.00000

   Energies (kJ/mol)
           Bond          Angle    Proper Dih. Per. Imp. Dih.          LJ-14
    4.03553e+02    1.02030e+03    4.88748e+03    1.08518e+02    1.89400e+03
     Coulomb-14        LJ (SR)   Coulomb (SR)   Coul. recip.      Potential
    1.64656e+04    4.19353e+04   -4.16937e+05    3.10413e+03   -3.47118e+05
 Pressure (bar)
   -4.15752e+03

           Step           Time
            167      167.00000

   Energies (kJ/mol)
           Bond          Angle    Proper Dih. Per. Imp. Dih.          LJ-14
    4.59788e+02    1.02833e+03    4.88808e+03    1.09473e+02    1.89292e+03
     Coulomb-14        LJ (SR)   Coulomb (SR)   Coul. recip.      Potential
    1.64633e+04    4.19272e+04   -4.17022e+05    3.10518e+03   -3.47148e+05
 Pressure (bar)
   -4.17194e+03

           Step           Time
            168      168.00000

   Energies (kJ/mol)
           Bond          Angle    Proper Dih. Per. Imp. Dih.          LJ-14
    5.21607e+02    1.03130e+03    4.88611e+03    1.08267e+02    1.89249e+03
     Coulomb-14        LJ (SR)   Coulomb (SR)   Coul. recip.      Potential
    1.64643e+04    4.19249e+04   -4.17083e+05    3.09175e+03   -3.47162e+05
 Pressure (bar)
   -4.18277e+03

           Step           Time
            169      169.00000

           Step           Time
            170      170.00000

   Energies (kJ/mol)
           Bond          Angle    Proper Dih. Per. Imp. Dih.          LJ-14
    2.93799e+02    1.01034e+03    4.88668e+03    1.08908e+02    1.89160e+03
     Coulomb-14        LJ (SR)   Coulomb (SR)   Coul. recip.      Potential
    1.64629e+04    4.19196e+04   -4.17127e+05    3.09292e+03   -3.47460e+05
 Pressure (bar)
   -4.17707e+03

           Step           Time
            171      171.00000

   Energies (kJ/mol)
           Bond          Angle    Proper Dih. Per. Imp. Dih.          LJ-14
    6.21055e+02    1.03812e+03    4.88275e+03    1.07535e+02    1.88817e+03
     Coulomb-14        LJ (SR)   Coulomb (SR)   Coul. recip.      Potential
    1.64584e+04    4.18976e+04   -4.17491e+05    3.05783e+03   -3.47540e+05
 Pressure (bar)
   -4.23982e+03

           Step           Time
            172      172.00000

   Energies (kJ/mol)
           Bond          Angle    Proper Dih. Per. Imp. Dih.          LJ-14
    3.32012e+02    1.01308e+03    4.88367e+03    1.08478e+02    1.88683e+03
     Coulomb-14        LJ (SR)   Coulomb (SR)   Coul. recip.      Potential
    1.64574e+04    4.18917e+04   -4.17547e+05    3.06115e+03   -3.47913e+05
 Pressure (bar)
   -4.23618e+03

           Step           Time
            173      173.00000

           Step           Time
            174      174.00000

   Energies (kJ/mol)
           Bond          Angle    Proper Dih. Per. Imp. Dih.          LJ-14
    3.57765e+02    1.01372e+03    4.88234e+03    1.07723e+02    1.88628e+03
     Coulomb-14        LJ (SR)   Coulomb (SR)   Coul. recip.      Potential
    1.64577e+04    4.18886e+04   -4.17614e+05    3.05149e+03   -3.47969e+05
 Pressure (bar)
   -4.24472e+03

           Step           Time
            175      175.00000

   Energies (kJ/mol)
           Bond          Angle    Proper Dih. Per. Imp. Dih.          LJ-14
    3.80823e+02    1.01770e+03    4.88266e+03    1.08376e+02    1.88530e+03
     Coulomb-14        LJ (SR)   Coulomb (SR)   Coul. recip.      Potential
    1.64558e+04    4.18830e+04   -4.17691e+05    3.05118e+03   -3.48027e+05
 Pressure (bar)
   -4.25621e+03

           Step           Time
            176      176.00000

   Energies (kJ/mol)
           Bond          Angle    Proper Dih. Per. Imp. Dih.          LJ-14
    4.24224e+02    1.01964e+03    4.88104e+03    1.07416e+02    1.88484e+03
     Coulomb-14        LJ (SR)   Coulomb (SR)   Coul. recip.      Potential
    1.64566e+04    4.18810e+04   -4.17754e+05    3.04018e+03   -3.48059e+05
 Pressure (bar)
   -4.26569e+03

           Step           Time
            177      177.00000

   Energies (kJ/mol)
           Bond          Angle    Proper Dih. Per. Imp. Dih.          LJ-14
    4.82575e+02    1.02784e+03    4.88173e+03    1.08511e+02    1.88381e+03
     Coulomb-14        LJ (SR)   Coulomb (SR)   Coul. recip.      Potential
    1.64540e+04    4.18750e+04   -4.17835e+05    3.04197e+03   -3.48080e+05
 Pressure (bar)
   -4.27915e+03

           Step           Time
            178      178.00000

           Step           Time
            179      179.00000

   Energies (kJ/mol)
           Bond          Angle    Proper Dih. Per. Imp. Dih.          LJ-14
    2.92547e+02    1.00739e+03    4.88071e+03    1.07714e+02    1.88340e+03
     Coulomb-14        LJ (SR)   Coulomb (SR)   Coul. recip.      Potential
    1.64549e+04    4.18739e+04   -4.17863e+05    3.03468e+03   -3.48328e+05
 Pressure (bar)
   -4.27274e+03

           Step           Time
            180      180.00000

   Energies (kJ/mol)
           Bond          Angle    Proper Dih. Per. Imp. Dih.          LJ-14
    5.87640e+02    1.03470e+03    4.87822e+03    1.07479e+02    1.87919e+03
     Coulomb-14        LJ (SR)   Coulomb (SR)   Coul. recip.      Potential
    1.64478e+04    4.18539e+04   -4.18286e+05    3.00791e+03   -3.48489e+05
 Pressure (bar)
   -4.33854e+03

           Step           Time
            181      181.00000

   Energies (kJ/mol)
           Bond          Angle    Proper Dih. Per. Imp. Dih.          LJ-14
    3.13546e+02    1.00781e+03    4.87690e+03    1.06591e+02    1.87852e+03
     Coulomb-14        LJ (SR)   Coulomb (SR)   Coul. recip.      Potential
    1.64500e+04    4.18535e+04   -4.18317e+05    2.99915e+03   -3.48831e+05
 Pressure (bar)
   -4.33182e+03

           Step           Time
            182      182.00000

           Step           Time
            183      183.00000

   Energies (kJ/mol)
           Bond          Angle    Proper Dih. Per. Imp. Dih.          LJ-14
    3.63378e+02    1.01322e+03    4.87682e+03    1.07061e+02    1.87757e+03
     Coulomb-14        LJ (SR)   Coulomb (SR)   Coul. recip.      Potential
    1.64482e+04    4.18492e+04   -4.18407e+05    2.99651e+03   -3.48875e+05
 Pressure (bar)
   -4.34425e+03

           Step           Time
            184      184.00000

   Energies (kJ/mol)
           Bond          Angle    Proper Dih. Per. Imp. Dih.          LJ-14
    3.43126e+02    1.01002e+03    4.87561e+03    1.06374e+02    1.87712e+03
     Coulomb-14        LJ (SR)   Coulomb (SR)   Coul. recip.      Potential
    1.64490e+04    4.18483e+04   -4.18457e+05    2.98824e+03   -3.48960e+05
 Pressure (bar)
   -4.34950e+03

           Step           Time
            185      185.00000

           Step           Time
            186      186.00000

   Energies (kJ/mol)
           Bond          Angle    Proper Dih. Per. Imp. Dih.          LJ-14
    2.96441e+02    1.00599e+03    4.87573e+03    1.06718e+02    1.87654e+03
     Coulomb-14        LJ (SR)   Coulomb (SR)   Coul. recip.      Potential
    1.64478e+04    4.18460e+04   -4.18501e+05    2.98760e+03   -3.49058e+05
 Pressure (bar)
   -4.35216e+03

           Step           Time
            187      187.00000

   Energies (kJ/mol)
           Bond          Angle    Proper Dih. Per. Imp. Dih.          LJ-14
    3.70363e+02    1.01184e+03    4.87392e+03    1.06099e+02    1.87518e+03
     Coulomb-14        LJ (SR)   Coulomb (SR)   Coul. recip.      Potential
    1.64470e+04    4.18421e+04   -4.18652e+05    2.97341e+03   -3.49152e+05
 Pressure (bar)
   -4.37353e+03

           Step           Time
            188      188.00000

   Energies (kJ/mol)
           Bond          Angle    Proper Dih. Per. Imp. Dih.          LJ-14
    3.13988e+02    1.00725e+03    4.87420e+03    1.06620e+02    1.87444e+03
     Coulomb-14        LJ (SR)   Coulomb (SR)   Coul. recip.      Potential
    1.64456e+04    4.18395e+04   -4.18705e+05    2.97352e+03   -3.49270e+05
 Pressure (bar)
   -4.37733e+03

           Step           Time
            189      189.00000

           Step           Time
            190      190.00000

   Energies (kJ/mol)
           Bond          Angle    Proper Dih. Per. Imp. Dih.          LJ-14
    3.02521e+02    1.00532e+03    4.87338e+03    1.06190e+02    1.87400e+03
     Coulomb-14        LJ (SR)   Coulomb (SR)   Coul. recip.      Potential
    1.64457e+04    4.18386e+04   -4.18753e+05    2.96757e+03   -3.49340e+05
 Pressure (bar)
   -4.38218e+03

           Step           Time
            191      191.00000

   Energies (kJ/mol)
           Bond          Angle    Proper Dih. Per. Imp. Dih.          LJ-14
    3.34105e+02    1.00886e+03    4.87314e+03    1.06483e+02    1.87302e+03
     Coulomb-14        LJ (SR)   Coulomb (SR)   Coul. recip.      Potential
    1.64440e+04    4.18357e+04   -4.18844e+05    2.96394e+03   -3.49404e+05
 Pressure (bar)
   -4.39456e+03

           Step           Time
            192      192.00000

   Energies (kJ/mol)
           Bond          Angle    Proper Dih. Per. Imp. Dih.          LJ-14
    3.18005e+02    1.00627e+03    4.87214e+03    1.05915e+02    1.87260e+03
     Coulomb-14        LJ (SR)   Coulomb (SR)   Coul. recip.      Potential
    1.64445e+04    4.18352e+04   -4.18893e+05    2.95706e+03   -3.49481e+05
 Pressure (bar)
   -4.39942e+03

           Step           Time
            193      193.00000

   Energies (kJ/mol)
           Bond          Angle    Proper Dih. Per. Imp. Dih.          LJ-14
    3.72880e+02    1.01238e+03    4.87215e+03    1.06433e+02    1.87166e+03
     Coulomb-14        LJ (SR)   Coulomb (SR)   Coul. recip.      Potential
    1.64425e+04    4.18325e+04   -4.18980e+05    2.95501e+03   -3.49514e+05
 Pressure (bar)
   -4.41222e+03

           Step           Time
            194      194.00000

   Energies (kJ/mol)
           Bond          Angle    Proper Dih. Per. Imp. Dih.          LJ-14
    3.52731e+02    1.00910e+03    4.87090e+03    1.05655e+02    1.87128e+03
     Coulomb-14        LJ (SR)   Coulomb (SR)   Coul. recip.      Potential
    1.64435e+04    4.18324e+04   -4.19027e+05    2.94679e+03   -3.49595e+05
 Pressure (bar)
   -4.41681e+03

           Step           Time
            195      195.00000

           Step           Time
            196      196.00000

   Energies (kJ/mol)
           Bond          Angle    Proper Dih. Per. Imp. Dih.          LJ-14
    2.97108e+02    1.00420e+03    4.87106e+03    1.06033e+02    1.87070e+03
     Coulomb-14        LJ (SR)   Coulomb (SR)   Coul. recip.      Potential
    1.64422e+04    4.18308e+04   -4.19070e+05    2.94643e+03   -3.49702e+05
 Pressure (bar)
   -4.41878e+03

           Step           Time
            197      197.00000

   Energies (kJ/mol)
           Bond          Angle    Proper Dih. Per. Imp. Dih.          LJ-14
    3.84445e+02    1.01137e+03    4.86921e+03    1.05321e+02    1.86940e+03
     Coulomb-14        LJ (SR)   Coulomb (SR)   Coul. recip.      Potential
    1.64416e+04    4.18292e+04   -4.19222e+05    2.93237e+03   -3.49779e+05
 Pressure (bar)
   -4.44035e+03

           Step           Time
            198      198.00000

   Energies (kJ/mol)
           Bond          Angle    Proper Dih. Per. Imp. Dih.          LJ-14
    3.17049e+02    1.00568e+03    4.86954e+03    1.05897e+02    1.86865e+03
     Coulomb-14        LJ (SR)   Coulomb (SR)   Coul. recip.      Potential
    1.64400e+04    4.18274e+04   -4.19273e+05    2.93280e+03   -3.49906e+05
 Pressure (bar)
   -4.44327e+03

           Step           Time
            199      199.00000

           Step           Time
            200      200.00000

   Energies (kJ/mol)
           Bond          Angle    Proper Dih. Per. Imp. Dih.          LJ-14
    3.05194e+02    1.00374e+03    4.86870e+03    1.05424e+02    1.86826e+03
     Coulomb-14        LJ (SR)   Coulomb (SR)   Coul. recip.      Potential
    1.64403e+04    4.18272e+04   -4.19320e+05    2.92696e+03   -3.49974e+05
 Pressure (bar)
   -4.44767e+03

           Step           Time
            201      201.00000

   Energies (kJ/mol)
           Bond          Angle    Proper Dih. Per. Imp. Dih.          LJ-14
    3.39953e+02    1.00757e+03    4.86853e+03    1.05757e+02    1.86733e+03
     Coulomb-14        LJ (SR)   Coulomb (SR)   Coul. recip.      Potential
    1.64385e+04    4.18258e+04   -4.19407e+05    2.92395e+03   -3.50029e+05
 Pressure (bar)
   -4.45932e+03

           Step           Time
            202      202.00000

   Energies (kJ/mol)
           Bond          Angle    Proper Dih. Per. Imp. Dih.          LJ-14
    3.23453e+02    1.00501e+03    4.86751e+03    1.05137e+02    1.86696e+03
     Coulomb-14        LJ (SR)   Coulomb (SR)   Coul. recip.      Potential
    1.64393e+04    4.18260e+04   -4.19454e+05    2.91714e+03   -3.50103e+05
 Pressure (bar)
   -4.46371e+03

           Step           Time
            203      203.00000

   Energies (kJ/mol)
           Bond          Angle    Proper Dih. Per. Imp. Dih.          LJ-14
    3.84281e+02    1.01165e+03    4.86758e+03    1.05721e+02    1.86606e+03
     Coulomb-14        LJ (SR)   Coulomb (SR)   Coul. recip.      Potential
    1.64371e+04    4.18246e+04   -4.19538e+05    2.91569e+03   -3.50125e+05
 Pressure (bar)
   -4.47603e+03

           Step           Time
            204      204.00000

   Energies (kJ/mol)
           Bond          Angle    Proper Dih. Per. Imp. Dih.          LJ-14
    3.64207e+02    1.00848e+03    4.86630e+03    1.04872e+02    1.86574e+03
     Coulomb-14        LJ (SR)   Coulomb (SR)   Coul. recip.      Potential
    1.64384e+04    4.18252e+04   -4.19584e+05    2.90748e+03   -3.50203e+05
 Pressure (bar)
   -4.48016e+03

           Step           Time
            205      205.00000

           Step           Time
            206      206.00000

   Energies (kJ/mol)
           Bond          Angle    Proper Dih. Per. Imp. Dih.          LJ-14
    2.97900e+02    1.00247e+03    4.86651e+03    1.05293e+02    1.86516e+03
     Coulomb-14        LJ (SR)   Coulomb (SR)   Coul. recip.      Potential
    1.64370e+04    4.18242e+04   -4.19625e+05    2.90739e+03   -3.50319e+05
 Pressure (bar)
   -4.48123e+03

           Step           Time
            207      207.00000

   Energies (kJ/mol)
           Bond          Angle    Proper Dih. Per. Imp. Dih.          LJ-14
    4.01386e+02    1.01128e+03    4.86461e+03    1.04520e+02    1.86393e+03
     Coulomb-14        LJ (SR)   Coulomb (SR)   Coul. recip.      Potential
    1.64365e+04    4.18248e+04   -4.19777e+05    2.89343e+03   -3.50376e+05
 Pressure (bar)
   -4.50291e+03

           Step           Time
            208      208.00000

   Energies (kJ/mol)
           Bond          Angle    Proper Dih. Per. Imp. Dih.          LJ-14
    3.20467e+02    1.00419e+03    4.86500e+03    1.05160e+02    1.86317e+03
     Coulomb-14        LJ (SR)   Coulomb (SR)   Coul. recip.      Potential
    1.64348e+04    4.18238e+04   -4.19828e+05    2.89425e+03   -3.50517e+05
 Pressure (bar)
   -4.50491e+03

           Step           Time
            209      209.00000

           Step           Time
            210      210.00000

   Energies (kJ/mol)
           Bond          Angle    Proper Dih. Per. Imp. Dih.          LJ-14
    3.08478e+02    1.00229e+03    4.86415e+03    1.04646e+02    1.86281e+03
     Coulomb-14        LJ (SR)   Coulomb (SR)   Coul. recip.      Potential
    1.64353e+04    4.18242e+04   -4.19873e+05    2.88844e+03   -3.50583e+05
 Pressure (bar)
   -4.50889e+03

           Step           Time
            211      211.00000

   Energies (kJ/mol)
           Bond          Angle    Proper Dih. Per. Imp. Dih.          LJ-14
    3.46538e+02    1.00640e+03    4.86405e+03    1.05029e+02    1.86194e+03
     Coulomb-14        LJ (SR)   Coulomb (SR)   Coul. recip.      Potential
    1.64334e+04    4.18240e+04   -4.19956e+05    2.88604e+03   -3.50629e+05
 Pressure (bar)
   -4.51988e+03

           Step           Time
            212      212.00000

   Energies (kJ/mol)
           Bond          Angle    Proper Dih. Per. Imp. Dih.          LJ-14
    3.30139e+02    1.00394e+03    4.86300e+03    1.04357e+02    1.86161e+03
     Coulomb-14        LJ (SR)   Coulomb (SR)   Coul. recip.      Potential
    1.64344e+04    4.18248e+04   -4.20002e+05    2.87920e+03   -3.50700e+05
 Pressure (bar)
   -4.52388e+03

           Step           Time
            213      213.00000

   Energies (kJ/mol)
           Bond          Angle    Proper Dih. Per. Imp. Dih.          LJ-14
    3.97236e+02    1.01110e+03    4.86316e+03    1.05015e+02    1.86076e+03
     Coulomb-14        LJ (SR)   Coulomb (SR)   Coul. recip.      Potential
    1.64320e+04    4.18246e+04   -4.20083e+05    2.87837e+03   -3.50711e+05
 Pressure (bar)
   -4.53583e+03

           Step           Time
            214      214.00000

   Energies (kJ/mol)
           Bond          Angle    Proper Dih. Per. Imp. Dih.          LJ-14
    3.78196e+02    1.00820e+03    4.86183e+03    1.04093e+02    1.86048e+03
     Coulomb-14        LJ (SR)   Coulomb (SR)   Coul. recip.      Potential
    1.64336e+04    4.18259e+04   -4.20126e+05    2.87014e+03   -3.50784e+05
 Pressure (bar)
   -4.53959e+03

           Step           Time
            215      215.00000

           Step           Time
            216      216.00000

   Energies (kJ/mol)
           Bond          Angle    Proper Dih. Per. Imp. Dih.          LJ-14
    2.98680e+02    1.00078e+03    4.86209e+03    1.04560e+02    1.85990e+03
     Coulomb-14        LJ (SR)   Coulomb (SR)   Coul. recip.      Potential
    1.64321e+04    4.18253e+04   -4.20168e+05    2.87033e+03   -3.50914e+05
 Pressure (bar)
   -4.53966e+03

           Step           Time
            217      217.00000

   Energies (kJ/mol)
           Bond          Angle    Proper Dih. Per. Imp. Dih.          LJ-14
    4.22002e+02    1.01161e+03    4.86014e+03    1.03725e+02    1.85873e+03
     Coulomb-14        LJ (SR)   Coulomb (SR)   Coul. recip.      Potential
    1.64318e+04    4.18281e+04   -4.20321e+05    2.85636e+03   -3.50949e+05
 Pressure (bar)
   -4.56174e+03

           Step           Time
            218      218.00000

   Energies (kJ/mol)
           Bond          Angle    Proper Dih. Per. Imp. Dih.          LJ-14
    3.24192e+02    1.00278e+03    4.86061e+03    1.04433e+02    1.85795e+03
     Coulomb-14        LJ (SR)   Coulomb (SR)   Coul. recip.      Potential
    1.64299e+04    4.18277e+04   -4.20371e+05    2.85752e+03   -3.51106e+05
 Pressure (bar)
   -4.56274e+03

           Step           Time
            219      219.00000

           Step           Time
            220      220.00000

   Energies (kJ/mol)
           Bond          Angle    Proper Dih. Per. Imp. Dih.          LJ-14
    3.12565e+02    1.00096e+03    4.85973e+03    1.03877e+02    1.85763e+03
     Coulomb-14        LJ (SR)   Coulomb (SR)   Coul. recip.      Potential
    1.64305e+04    4.18288e+04   -4.20416e+05    2.85171e+03   -3.51170e+05
 Pressure (bar)
   -4.56635e+03

           Step           Time
            221      221.00000

   Energies (kJ/mol)
           Bond          Angle    Proper Dih. Per. Imp. Dih.          LJ-14
    3.53861e+02    1.00532e+03    4.85971e+03    1.04314e+02    1.85680e+03
     Coulomb-14        LJ (SR)   Coulomb (SR)   Coul. recip.      Potential
    1.64286e+04    4.18297e+04   -4.20495e+05    2.84989e+03   -3.51207e+05
 Pressure (bar)
   -4.57678e+03

           Step           Time
            222      222.00000

   Energies (kJ/mol)
           Bond          Angle    Proper Dih. Per. Imp. Dih.          LJ-14
    3.38391e+02    1.00307e+03    4.85863e+03    1.03586e+02    1.85651e+03
     Coulomb-14        LJ (SR)   Coulomb (SR)   Coul. recip.      Potential
    1.64297e+04    4.18310e+04   -4.20539e+05    2.84306e+03   -3.51275e+05
 Pressure (bar)
   -4.58046e+03

           Step           Time
            223      223.00000

           Step           Time
            224      224.00000

   Energies (kJ/mol)
           Bond          Angle    Proper Dih. Per. Imp. Dih.          LJ-14
    2.96959e+02    9.99225e+02    4.85875e+03    1.03918e+02    1.85602e+03
     Coulomb-14        LJ (SR)   Coulomb (SR)   Coul. recip.      Potential
    1.64285e+04    4.18312e+04   -4.20578e+05    2.84269e+03   -3.51361e+05
 Pressure (bar)
   -4.58228e+03

           Step           Time
            225      225.00000

   Energies (kJ/mol)
           Bond          Angle    Proper Dih. Per. Imp. Dih.          LJ-14
    3.61413e+02    1.00465e+03    4.85712e+03    1.03235e+02    1.85490e+03
     Coulomb-14        LJ (SR)   Coulomb (SR)   Coul. recip.      Potential
    1.64282e+04    4.18348e+04   -4.20718e+05    2.83080e+03   -3.51442e+05
 Pressure (bar)
   -4.59965e+03

           Step           Time
            226      226.00000

   Energies (kJ/mol)
           Bond          Angle    Proper Dih. Per. Imp. Dih.          LJ-14
    3.12666e+02    1.00025e+03    4.85737e+03    1.03743e+02    1.85426e+03
     Coulomb-14        LJ (SR)   Coulomb (SR)   Coul. recip.      Potential
    1.64266e+04    4.18352e+04   -4.20765e+05    2.83103e+03   -3.51544e+05
 Pressure (bar)
   -4.60230e+03

           Step           Time
            227      227.00000

           Step           Time
            228      228.00000

   Energies (kJ/mol)
           Bond          Angle    Proper Dih. Per. Imp. Dih.          LJ-14
    3.02412e+02    9.98804e+02    4.85665e+03    1.03317e+02    1.85394e+03
     Coulomb-14        LJ (SR)   Coulomb (SR)   Coul. recip.      Potential
    1.64271e+04    4.18365e+04   -4.20808e+05    2.82615e+03   -3.51603e+05
 Pressure (bar)
   -4.60585e+03

           Step           Time
            229      229.00000

   Energies (kJ/mol)
           Bond          Angle    Proper Dih. Per. Imp. Dih.          LJ-14
    3.30621e+02    1.00164e+03    4.85646e+03    1.03604e+02    1.85313e+03
     Coulomb-14        LJ (SR)   Coulomb (SR)   Coul. recip.      Potential
    1.64254e+04    4.18383e+04   -4.20889e+05    2.82343e+03   -3.51656e+05
 Pressure (bar)
   -4.61539e+03

           Step           Time
            230      230.00000

   Energies (kJ/mol)
           Bond          Angle    Proper Dih. Per. Imp. Dih.          LJ-14
    3.15600e+02    9.99683e+02    4.85559e+03    1.03044e+02    1.85283e+03
     Coulomb-14        LJ (SR)   Coulomb (SR)   Coul. recip.      Potential
    1.64262e+04    4.18399e+04   -4.20931e+05    2.81778e+03   -3.51720e+05
 Pressure (bar)
   -4.61885e+03

           Step           Time
            231      231.00000

   Energies (kJ/mol)
           Bond          Angle    Proper Dih. Per. Imp. Dih.          LJ-14
    3.65135e+02    1.00470e+03    4.85561e+03    1.03551e+02    1.85204e+03
     Coulomb-14        LJ (SR)   Coulomb (SR)   Coul. recip.      Potential
    1.64241e+04    4.18417e+04   -4.21010e+05    2.81632e+03   -3.51747e+05
 Pressure (bar)
   -4.62895e+03

           Step           Time
            232      232.00000

   Energies (kJ/mol)
           Bond          Angle    Proper Dih. Per. Imp. Dih.          LJ-14
    3.45326e+02    1.00219e+03    4.85452e+03    1.02790e+02    1.85178e+03
     Coulomb-14        LJ (SR)   Coulomb (SR)   Coul. recip.      Potential
    1.64255e+04    4.18435e+04   -4.21051e+05    2.80952e+03   -3.51816e+05
 Pressure (bar)
   -4.63211e+03

           Step           Time
            233      233.00000

           Step           Time
            234      234.00000

   Energies (kJ/mol)
           Bond          Angle    Proper Dih. Per. Imp. Dih.          LJ-14
    2.98307e+02    9.97716e+02    4.85467e+03    1.03161e+02    1.85129e+03
     Coulomb-14        LJ (SR)   Coulomb (SR)   Coul. recip.      Potential
    1.64242e+04    4.18441e+04   -4.21090e+05    2.80934e+03   -3.51907e+05
 Pressure (bar)
   -4.63338e+03

           Step           Time
            235      235.00000

   Energies (kJ/mol)
           Bond          Angle    Proper Dih. Per. Imp. Dih.          LJ-14
    3.72236e+02    1.00416e+03    4.85308e+03    1.02474e+02    1.85030e+03
     Coulomb-14        LJ (SR)   Coulomb (SR)   Coul. recip.      Potential
    1.64241e+04    4.18492e+04   -4.21222e+05    2.79805e+03   -3.51968e+05
 Pressure (bar)
   -4.64982e+03

           Step           Time
            236      236.00000

   Energies (kJ/mol)
           Bond          Angle    Proper Dih. Per. Imp. Dih.          LJ-14
    3.16560e+02    9.98995e+02    4.85339e+03    1.03037e+02    1.84965e+03
     Coulomb-14        LJ (SR)   Coulomb (SR)   Coul. recip.      Potential
    1.64224e+04    4.18501e+04   -4.21269e+05    2.79855e+03   -3.52076e+05
 Pressure (bar)
   -4.65197e+03

           Step           Time
            237      237.00000

           Step           Time
            238      238.00000

   Energies (kJ/mol)
           Bond          Angle    Proper Dih. Per. Imp. Dih.          LJ-14
    3.04183e+02    9.97400e+02    4.85267e+03    1.02585e+02    1.84936e+03
     Coulomb-14        LJ (SR)   Coulomb (SR)   Coul. recip.      Potential
    1.64229e+04    4.18519e+04   -4.21310e+05    2.79376e+03   -3.52135e+05
 Pressure (bar)
   -4.65500e+03

           Step           Time
            239      239.00000

   Energies (kJ/mol)
           Bond          Angle    Proper Dih. Per. Imp. Dih.          LJ-14
    3.37389e+02    1.00065e+03    4.85252e+03    1.02913e+02    1.84857e+03
     Coulomb-14        LJ (SR)   Coulomb (SR)   Coul. recip.      Potential
    1.64211e+04    4.18546e+04   -4.21389e+05    2.79139e+03   -3.52180e+05
 Pressure (bar)
   -4.66439e+03

           Step           Time
            240      240.00000

   Energies (kJ/mol)
           Bond          Angle    Proper Dih. Per. Imp. Dih.          LJ-14
    3.19482e+02    9.98513e+02    4.85163e+03    1.02315e+02    1.84831e+03
     Coulomb-14        LJ (SR)   Coulomb (SR)   Coul. recip.      Potential
    1.64222e+04    4.18565e+04   -4.21430e+05    2.78576e+03   -3.52245e+05
 Pressure (bar)
   -4.66735e+03

           Step           Time
            241      241.00000

   Energies (kJ/mol)
           Bond          Angle    Proper Dih. Per. Imp. Dih.          LJ-14
    3.77409e+02    1.00424e+03    4.85172e+03    1.02882e+02    1.84754e+03
     Coulomb-14        LJ (SR)   Coulomb (SR)   Coul. recip.      Potential
    1.64199e+04    4.18593e+04   -4.21507e+05    2.78472e+03   -3.52260e+05
 Pressure (bar)
   -4.67748e+03

           Step           Time
            242      242.00000

   Energies (kJ/mol)
           Bond          Angle    Proper Dih. Per. Imp. Dih.          LJ-14
    3.54045e+02    1.00155e+03    4.85059e+03    1.02063e+02    1.84732e+03
     Coulomb-14        LJ (SR)   Coulomb (SR)   Coul. recip.      Potential
    1.64216e+04    4.18614e+04   -4.21546e+05    2.77790e+03   -3.52330e+05
 Pressure (bar)
   -4.68009e+03

           Step           Time
            243      243.00000

           Step           Time
            244      244.00000

   Energies (kJ/mol)
           Bond          Angle    Proper Dih. Per. Imp. Dih.          LJ-14
    2.99595e+02    9.96243e+02    4.85079e+03    1.02472e+02    1.84682e+03
     Coulomb-14        LJ (SR)   Coulomb (SR)   Coul. recip.      Potential
    1.64201e+04    4.18625e+04   -4.21585e+05    2.77792e+03   -3.52428e+05
 Pressure (bar)
   -4.68076e+03

           Step           Time
            245      245.00000

   Energies (kJ/mol)
           Bond          Angle    Proper Dih. Per. Imp. Dih.          LJ-14
    3.85630e+02    1.00399e+03    4.84921e+03    1.01747e+02    1.84593e+03
     Coulomb-14        LJ (SR)   Coulomb (SR)   Coul. recip.      Potential
    1.64203e+04    4.18689e+04   -4.21711e+05    2.76696e+03   -3.52469e+05
 Pressure (bar)
   -4.69686e+03

           Step           Time
            246      246.00000

   Energies (kJ/mol)
           Bond          Angle    Proper Dih. Per. Imp. Dih.          LJ-14
    3.20630e+02    9.97806e+02    4.84957e+03    1.02367e+02    1.84526e+03
     Coulomb-14        LJ (SR)   Coulomb (SR)   Coul. recip.      Potential
    1.64184e+04    4.18703e+04   -4.21759e+05    2.76779e+03   -3.52587e+05
 Pressure (bar)
   -4.69837e+03

           Step           Time
            247      247.00000

           Step           Time
            248      248.00000

   Energies (kJ/mol)
           Bond          Angle    Proper Dih. Per. Imp. Dih.          LJ-14
    3.06483e+02    9.96099e+02    4.84883e+03    1.01880e+02    1.84500e+03
     Coulomb-14        LJ (SR)   Coulomb (SR)   Coul. recip.      Potential
    1.64190e+04    4.18724e+04   -4.21798e+05    2.76301e+03   -3.52645e+05
 Pressure (bar)
   -4.70097e+03

           Step           Time
            249      249.00000

   Energies (kJ/mol)
           Bond          Angle    Proper Dih. Per. Imp. Dih.          LJ-14
    3.44643e+02    9.99762e+02    4.84875e+03    1.02252e+02    1.84424e+03
     Coulomb-14        LJ (SR)   Coulomb (SR)   Coul. recip.      Potential
    1.64171e+04    4.18760e+04   -4.21876e+05    2.76104e+03   -3.52682e+05
 Pressure (bar)
   -4.71017e+03

           Step           Time
            250      250.00000

   Energies (kJ/mol)
           Bond          Angle    Proper Dih. Per. Imp. Dih.          LJ-14
    3.24446e+02    9.97516e+02    4.84784e+03    1.01610e+02    1.84401e+03
     Coulomb-14        LJ (SR)   Coulomb (SR)   Coul. recip.      Potential
    1.64184e+04    4.18782e+04   -4.21914e+05    2.75537e+03   -3.52747e+05
 Pressure (bar)
   -4.71269e+03

           Step           Time
            251      251.00000

   Energies (kJ/mol)
           Bond          Angle    Proper Dih. Per. Imp. Dih.          LJ-14
    3.90820e+02    1.00396e+03    4.84799e+03    1.02244e+02    1.84326e+03
     Coulomb-14        LJ (SR)   Coulomb (SR)   Coul. recip.      Potential
    1.64159e+04    4.18818e+04   -4.21990e+05    2.75480e+03   -3.52750e+05
 Pressure (bar)
   -4.72281e+03

           Step           Time
            252      252.00000

   Energies (kJ/mol)
           Bond          Angle    Proper Dih. Per. Imp. Dih.          LJ-14
    3.64981e+02    1.00120e+03    4.84683e+03    1.01361e+02    1.84308e+03
     Coulomb-14        LJ (SR)   Coulomb (SR)   Coul. recip.      Potential
    1.64179e+04    4.18842e+04   -4.22027e+05    2.74789e+03   -3.52820e+05
 Pressure (bar)
   -4.72499e+03

           Step           Time
            253      253.00000

           Step           Time
            254      254.00000

   Energies (kJ/mol)
           Bond          Angle    Proper Dih. Per. Imp. Dih.          LJ-14
    3.00783e+02    9.94835e+02    4.84706e+03    1.01812e+02    1.84257e+03
     Coulomb-14        LJ (SR)   Coulomb (SR)   Coul. recip.      Potential
    1.64163e+04    4.18856e+04   -4.22065e+05    2.74813e+03   -3.52928e+05
 Pressure (bar)
   -4.72495e+03

           Step           Time
            255      255.00000

   Energies (kJ/mol)
           Bond          Angle    Proper Dih. Per. Imp. Dih.          LJ-14
    4.02184e+02    1.00419e+03    4.84547e+03    1.01038e+02    1.84175e+03
     Coulomb-14        LJ (SR)   Coulomb (SR)   Coul. recip.      Potential
    1.64166e+04    4.18933e+04   -4.22190e+05    2.73729e+03   -3.52948e+05
 Pressure (bar)
   -4.74112e+03

           Step           Time
            256      256.00000

   Energies (kJ/mol)
           Bond          Angle    Proper Dih. Per. Imp. Dih.          LJ-14
    3.24842e+02    9.96692e+02    4.84590e+03    1.01719e+02    1.84106e+03
     Coulomb-14        LJ (SR)   Coulomb (SR)   Coul. recip.      Potential
    1.64145e+04    4.18952e+04   -4.22237e+05    2.73844e+03   -3.53079e+05
 Pressure (bar)
   -4.74192e+03

           Step           Time
            257      257.00000

           Step           Time
            258      258.00000

   Energies (kJ/mol)
           Bond          Angle    Proper Dih. Per. Imp. Dih.          LJ-14
    3.09465e+02    9.94927e+02    4.84514e+03    1.01196e+02    1.84083e+03
     Coulomb-14        LJ (SR)   Coulomb (SR)   Coul. recip.      Potential
    1.64154e+04    4.18976e+04   -4.22275e+05    2.73364e+03   -3.53137e+05
 Pressure (bar)
   -4.74415e+03

           Step           Time
            259      259.00000

   Energies (kJ/mol)
           Bond          Angle    Proper Dih. Per. Imp. Dih.          LJ-14
    3.52367e+02    9.98991e+02    4.84512e+03    1.01615e+02    1.84010e+03
     Coulomb-14        LJ (SR)   Coulomb (SR)   Coul. recip.      Potential
    1.64133e+04    4.19019e+04   -4.22351e+05    2.73210e+03   -3.53165e+05
 Pressure (bar)
   -4.75313e+03

           Step           Time
            260      260.00000

   Energies (kJ/mol)
           Bond          Angle    Proper Dih. Per. Imp. Dih.          LJ-14
    3.30753e+02    9.96718e+02    4.84418e+03    1.00923e+02    1.83990e+03
     Coulomb-14        LJ (SR)   Coulomb (SR)   Coul. recip.      Potential
    1.64148e+04    4.19045e+04   -4.22388e+05    2.72637e+03   -3.53230e+05
 Pressure (bar)
   -4.75530e+03

           Step           Time
            261      261.00000

           Step           Time
            262      262.00000

   Energies (kJ/mol)
           Bond          Angle    Proper Dih. Per. Imp. Dih.          LJ-14
    2.99283e+02    9.93522e+02    4.84429e+03    1.01244e+02    1.83946e+03
     Coulomb-14        LJ (SR)   Coulomb (SR)   Coul. recip.      Potential
    1.64135e+04    4.19064e+04   -4.22425e+05    2.72611e+03   -3.53301e+05
 Pressure (bar)
   -4.75684e+03

           Step           Time
            263      263.00000

   Energies (kJ/mol)
           Bond          Angle    Proper Dih. Per. Imp. Dih.          LJ-14
    3.50161e+02    9.98119e+02    4.84299e+03    1.00625e+02    1.83869e+03
     Coulomb-14        LJ (SR)   Coulomb (SR)   Coul. recip.      Potential
    1.64137e+04    4.19137e+04   -4.22534e+05    2.71714e+03   -3.53359e+05
 Pressure (bar)
   -4.76893e+03

           Step           Time
            264      264.00000

   Energies (kJ/mol)
           Bond          Angle    Proper Dih. Per. Imp. Dih.          LJ-14
    3.14463e+02    9.94543e+02    4.84323e+03    1.01113e+02    1.83813e+03
     Coulomb-14        LJ (SR)   Coulomb (SR)   Coul. recip.      Potential
    1.64120e+04    4.19162e+04   -4.22580e+05    2.71744e+03   -3.53442e+05
 Pressure (bar)
   -4.77124e+03

           Step           Time
            265      265.00000

           Step           Time
            266      266.00000

   Energies (kJ/mol)
           Bond          Angle    Proper Dih. Per. Imp. Dih.          LJ-14
    3.01129e+02    9.93092e+02    4.84262e+03    1.00714e+02    1.83790e+03
     Coulomb-14        LJ (SR)   Coulomb (SR)   Coul. recip.      Potential
    1.64126e+04    4.19186e+04   -4.22615e+05    2.71346e+03   -3.53495e+05
 Pressure (bar)
   -4.77347e+03

           Step           Time
            267      267.00000

   Energies (kJ/mol)
           Bond          Angle    Proper Dih. Per. Imp. Dih.          LJ-14
    3.31514e+02    9.95815e+02    4.84243e+03    1.00984e+02    1.83716e+03
     Coulomb-14        LJ (SR)   Coulomb (SR)   Coul. recip.      Potential
    1.64109e+04    4.19238e+04   -4.22695e+05    2.71097e+03   -3.53541e+05
 Pressure (bar)
   -4.78187e+03

           Step           Time
            268      268.00000

   Energies (kJ/mol)
           Bond          Angle    Proper Dih. Per. Imp. Dih.          LJ-14
    3.11611e+02    9.93802e+02    4.84167e+03    1.00457e+02    1.83694e+03
     Coulomb-14        LJ (SR)   Coulomb (SR)   Coul. recip.      Potential
    1.64119e+04    4.19264e+04   -4.22730e+05    2.70625e+03   -3.53601e+05
 Pressure (bar)
   -4.78395e+03

           Step           Time
            269      269.00000

   Energies (kJ/mol)
           Bond          Angle    Proper Dih. Per. Imp. Dih.          LJ-14
    3.63671e+02    9.98617e+02    4.84169e+03    1.00938e+02    1.83623e+03
     Coulomb-14        LJ (SR)   Coulomb (SR)   Coul. recip.      Potential
    1.64098e+04    4.19315e+04   -4.22807e+05    2.70501e+03   -3.53620e+05
 Pressure (bar)
   -4.79285e+03

           Step           Time
            270      270.00000

   Energies (kJ/mol)
           Bond          Angle    Proper Dih. Per. Imp. Dih.          LJ-14
    3.36024e+02    9.95925e+02    4.84073e+03    1.00214e+02    1.83605e+03
     Coulomb-14        LJ (SR)   Coulomb (SR)   Coul. recip.      Potential
    1.64114e+04    4.19341e+04   -4.22841e+05    2.69924e+03   -3.53687e+05
 Pressure (bar)
   -4.79453e+03

           Step           Time
            271      271.00000

           Step           Time
            272      272.00000

   Energies (kJ/mol)
           Bond          Angle    Proper Dih. Per. Imp. Dih.          LJ-14
    3.00894e+02    9.92287e+02    4.84087e+03    1.00570e+02    1.83561e+03
     Coulomb-14        LJ (SR)   Coulomb (SR)   Coul. recip.      Potential
    1.64100e+04    4.19365e+04   -4.22879e+05    2.69914e+03   -3.53763e+05
 Pressure (bar)
   -4.79572e+03

           Step           Time
            273      273.00000

   Energies (kJ/mol)
           Bond          Angle    Proper Dih. Per. Imp. Dih.          LJ-14
    3.58691e+02    9.97669e+02    4.83960e+03    9.99472e+01    1.83494e+03
     Coulomb-14        LJ (SR)   Coulomb (SR)   Coul. recip.      Potential
    1.64105e+04    4.19443e+04   -4.22980e+05    2.69059e+03   -3.53804e+05
 Pressure (bar)
   -4.80715e+03

           Step           Time
            274      274.00000

   Energies (kJ/mol)
           Bond          Angle    Proper Dih. Per. Imp. Dih.          LJ-14
    3.18607e+02    9.93568e+02    4.83988e+03    1.00485e+02    1.83436e+03
     Coulomb-14        LJ (SR)   Coulomb (SR)   Coul. recip.      Potential
    1.64086e+04    4.19471e+04   -4.23026e+05    2.69116e+03   -3.53892e+05
 Pressure (bar)
   -4.80912e+03

           Step           Time
            275      275.00000

           Step           Time
            276      276.00000

   Energies (kJ/mol)
           Bond          Angle    Proper Dih. Per. Imp. Dih.          LJ-14
    3.02355e+02    9.91887e+02    4.83926e+03    1.00063e+02    1.83415e+03
     Coulomb-14        LJ (SR)   Coulomb (SR)   Coul. recip.      Potential
    1.64093e+04    4.19498e+04   -4.23059e+05    2.68718e+03   -3.53945e+05
 Pressure (bar)
   -4.81091e+03

           Step           Time
            277      277.00000

   Energies (kJ/mol)
           Bond          Angle    Proper Dih. Per. Imp. Dih.          LJ-14
    3.38434e+02    9.95105e+02    4.83911e+03    1.00371e+02    1.83342e+03
     Coulomb-14        LJ (SR)   Coulomb (SR)   Coul. recip.      Potential
    1.64075e+04    4.19557e+04   -4.23140e+05    2.68496e+03   -3.53985e+05
 Pressure (bar)
   -4.81934e+03

           Step           Time
            278      278.00000

   Energies (kJ/mol)
           Bond          Angle    Proper Dih. Per. Imp. Dih.          LJ-14
    3.14468e+02    9.92785e+02    4.83833e+03    9.98064e+01    1.83323e+03
     Coulomb-14        LJ (SR)   Coulomb (SR)   Coul. recip.      Potential
    1.64087e+04    4.19585e+04   -4.23173e+05    2.68022e+03   -3.54047e+05
 Pressure (bar)
   -4.82095e+03

           Step           Time
            279      279.00000

   Energies (kJ/mol)
           Bond          Angle    Proper Dih. Per. Imp. Dih.          LJ-14
    3.75782e+02    9.98417e+02    4.83840e+03    1.00345e+02    1.83253e+03
     Coulomb-14        LJ (SR)   Coulomb (SR)   Coul. recip.      Potential
    1.64064e+04    4.19642e+04   -4.23249e+05    2.67935e+03   -3.54054e+05
 Pressure (bar)
   -4.83006e+03

           Step           Time
            280      280.00000

   Energies (kJ/mol)
           Bond          Angle    Proper Dih. Per. Imp. Dih.          LJ-14
    3.42820e+02    9.95344e+02    4.83741e+03    9.95682e+01    1.83239e+03
     Coulomb-14        LJ (SR)   Coulomb (SR)   Coul. recip.      Potential
    1.64083e+04    4.19671e+04   -4.23282e+05    2.67345e+03   -3.54125e+05
 Pressure (bar)
   -4.83123e+03

           Step           Time
            281      281.00000

           Step           Time
            282      282.00000

   Energies (kJ/mol)
           Bond          Angle    Proper Dih. Per. Imp. Dih.          LJ-14
    3.02413e+02    9.91107e+02    4.83758e+03    9.99581e+01    1.83194e+03
     Coulomb-14        LJ (SR)   Coulomb (SR)   Coul. recip.      Potential
    1.64068e+04    4.19697e+04   -4.23319e+05    2.67356e+03   -3.54206e+05
 Pressure (bar)
   -4.83197e+03

           Step           Time
            283      283.00000

   Energies (kJ/mol)
           Bond          Angle    Proper Dih. Per. Imp. Dih.          LJ-14
    3.69393e+02    9.97489e+02    4.83632e+03    9.93028e+01    1.83134e+03
     Coulomb-14        LJ (SR)   Coulomb (SR)   Coul. recip.      Potential
    1.64074e+04    4.19782e+04   -4.23416e+05    2.66522e+03   -3.54232e+05
 Pressure (bar)
   -4.84319e+03

           Step           Time
            284      284.00000

   Energies (kJ/mol)
           Bond          Angle    Proper Dih. Per. Imp. Dih.          LJ-14
    3.22860e+02    9.92675e+02    4.83665e+03    9.98935e+01    1.83074e+03
     Coulomb-14        LJ (SR)   Coulomb (SR)   Coul. recip.      Potential
    1.64054e+04    4.19814e+04   -4.23462e+05    2.66606e+03   -3.54326e+05
 Pressure (bar)
   -4.84473e+03

           Step           Time
            285      285.00000

           Step           Time
            286      286.00000

   Energies (kJ/mol)
           Bond          Angle    Proper Dih. Per. Imp. Dih.          LJ-14
    3.04003e+02    9.90786e+02    4.83601e+03    9.94403e+01    1.83056e+03
     Coulomb-14        LJ (SR)   Coulomb (SR)   Coul. recip.      Potential
    1.64062e+04    4.19842e+04   -4.23494e+05    2.66206e+03   -3.54380e+05
 Pressure (bar)
   -4.84615e+03

           Step           Time
            287      287.00000

   Energies (kJ/mol)
           Bond          Angle    Proper Dih. Per. Imp. Dih.          LJ-14
    3.45705e+02    9.94504e+02    4.83591e+03    9.97872e+01    1.82984e+03
     Coulomb-14        LJ (SR)   Coulomb (SR)   Coul. recip.      Potential
    1.64043e+04    4.19908e+04   -4.23573e+05    2.66016e+03   -3.54412e+05
 Pressure (bar)
   -4.85456e+03

           Step           Time
            288      288.00000

   Energies (kJ/mol)
           Bond          Angle    Proper Dih. Per. Imp. Dih.          LJ-14
    3.18213e+02    9.91926e+02    4.83511e+03    9.91837e+01    1.82969e+03
     Coulomb-14        LJ (SR)   Coulomb (SR)   Coul. recip.      Potential
    1.64057e+04    4.19937e+04   -4.23605e+05    2.65532e+03   -3.54476e+05
 Pressure (bar)
   -4.85579e+03

           Step           Time
            289      289.00000

           Step           Time
            290      290.00000

   Energies (kJ/mol)
           Bond          Angle    Proper Dih. Per. Imp. Dih.          LJ-14
    3.01276e+02    9.90014e+02    4.83517e+03    9.94584e+01    1.82928e+03
     Coulomb-14        LJ (SR)   Coulomb (SR)   Coul. recip.      Potential
    1.64044e+04    4.19967e+04   -4.23642e+05    2.65495e+03   -3.54531e+05
 Pressure (bar)
   -4.85775e+03

           Step           Time
            291      291.00000

   Energies (kJ/mol)
           Bond          Angle    Proper Dih. Per. Imp. Dih.          LJ-14
    3.31748e+02    9.92894e+02    4.83417e+03    9.89455e+01    1.82876e+03
     Coulomb-14        LJ (SR)   Coulomb (SR)   Coul. recip.      Potential
    1.64049e+04    4.20042e+04   -4.23724e+05    2.64827e+03   -3.54580e+05
 Pressure (bar)
   -4.86572e+03

           Step           Time
            292      292.00000

   Energies (kJ/mol)
           Bond          Angle    Proper Dih. Per. Imp. Dih.          LJ-14
    3.14585e+02    9.90933e+02    4.83434e+03    9.93670e+01    1.82825e+03
     Coulomb-14        LJ (SR)   Coulomb (SR)   Coul. recip.      Potential
    1.64033e+04    4.20079e+04   -4.23769e+05    2.64833e+03   -3.54642e+05
 Pressure (bar)
   -4.86840e+03

           Step           Time
            293      293.00000

   Energies (kJ/mol)
           Bond          Angle    Proper Dih. Per. Imp. Dih.          LJ-14
    3.58288e+02    9.95270e+02    4.83332e+03    9.87276e+01    1.82797e+03
     Coulomb-14        LJ (SR)   Coulomb (SR)   Coul. recip.      Potential
    1.64045e+04    4.20135e+04   -4.23828e+05    2.64207e+03   -3.54654e+05
 Pressure (bar)
   -4.87504e+03

           Step           Time
            294      294.00000

   Energies (kJ/mol)
           Bond          Angle    Proper Dih. Per. Imp. Dih.          LJ-14
    3.45042e+02    9.93617e+02    4.83366e+03    9.93764e+01    1.82735e+03
     Coulomb-14        LJ (SR)   Coulomb (SR)   Coul. recip.      Potential
    1.64021e+04    4.20178e+04   -4.23879e+05    2.64292e+03   -3.54717e+05
 Pressure (bar)
   -4.87843e+03

           Step           Time
            295      295.00000

           Step           Time
            296      296.00000

   Energies (kJ/mol)
           Bond          Angle    Proper Dih. Per. Imp. Dih.          LJ-14
    2.98975e+02    9.89136e+02    4.83306e+03    9.89010e+01    1.82723e+03
     Coulomb-14        LJ (SR)   Coulomb (SR)   Coul. recip.      Potential
    1.64032e+04    4.20200e+04   -4.23902e+05    2.63924e+03   -3.54793e+05
 Pressure (bar)
   -4.87777e+03

           Step           Time
            297      297.00000

   Energies (kJ/mol)
           Bond          Angle    Proper Dih. Per. Imp. Dih.          LJ-14
    3.77833e+02    9.96168e+02    4.83265e+03    9.92050e+01    1.82619e+03
     Coulomb-14        LJ (SR)   Coulomb (SR)   Coul. recip.      Potential
    1.64007e+04    4.20317e+04   -4.24027e+05    2.63515e+03   -3.54828e+05
 Pressure (bar)
   -4.89112e+03

           Step           Time
            298      298.00000

   Energies (kJ/mol)
           Bond          Angle    Proper Dih. Per. Imp. Dih.          LJ-14
    3.09948e+02    9.89851e+02    4.83188e+03    9.85666e+01    1.82605e+03
     Coulomb-14        LJ (SR)   Coulomb (SR)   Coul. recip.      Potential
    1.64024e+04    4.20340e+04   -4.24052e+05    2.63049e+03   -3.54928e+05
 Pressure (bar)
   -4.88994e+03

           Step           Time
            299      299.00000

           Step           Time
            300      300.00000

   Energies (kJ/mol)
           Bond          Angle    Proper Dih. Per. Imp. Dih.          LJ-14
    3.12003e+02    9.89696e+02    4.83189e+03    9.88577e+01    1.82559e+03
     Coulomb-14        LJ (SR)   Coulomb (SR)   Coul. recip.      Potential
    1.64010e+04    4.20384e+04   -4.24100e+05    2.62971e+03   -3.54973e+05
 Pressure (bar)
   -4.89341e+03

           Step           Time
            301      301.00000

   Energies (kJ/mol)
           Bond          Angle    Proper Dih. Per. Imp. Dih.          LJ-14
    3.22471e+02    9.90821e+02    4.83111e+03    9.83661e+01    1.82532e+03
     Coulomb-14        LJ (SR)   Coulomb (SR)   Coul. recip.      Potential
    1.64019e+04    4.20433e+04   -4.24148e+05    2.62481e+03   -3.55010e+05
 Pressure (bar)
   -4.89772e+03

           Step           Time
            302      302.00000

   Energies (kJ/mol)
           Bond          Angle    Proper Dih. Per. Imp. Dih.          LJ-14
    3.32503e+02    9.91407e+02    4.83124e+03    9.88221e+01    1.82477e+03
     Coulomb-14        LJ (SR)   Coulomb (SR)   Coul. recip.      Potential
    1.64000e+04    4.20483e+04   -4.24202e+05    2.62470e+03   -3.55050e+05
 Pressure (bar)
   -4.90210e+03

           Step           Time
            303      303.00000

   Energies (kJ/mol)
           Bond          Angle    Proper Dih. Per. Imp. Dih.          LJ-14
    3.48226e+02    9.93168e+02    4.83032e+03    9.81599e+01    1.82462e+03
     Coulomb-14        LJ (SR)   Coulomb (SR)   Coul. recip.      Potential
    1.64016e+04    4.20526e+04   -4.24243e+05    2.61915e+03   -3.55075e+05
 Pressure (bar)
   -4.90607e+03

           Step           Time
            304      304.00000

   Energies (kJ/mol)
           Bond          Angle    Proper Dih. Per. Imp. Dih.          LJ-14
    3.75006e+02    9.95318e+02    4.83065e+03    9.88731e+01    1.82398e+03
     Coulomb-14        LJ (SR)   Coulomb (SR)   Coul. recip.      Potential
    1.63989e+04    4.20582e+04   -4.24302e+05    2.62008e+03   -3.55101e+05
 Pressure (bar)
   -4.91166e+03

           Step           Time
            305      305.00000

   Energies (kJ/mol)
           Bond          Angle    Proper Dih. Per. Imp. Dih.          LJ-14
    4.01785e+02    9.98378e+02    4.82949e+03    9.79557e+01    1.82396e+03
     Coulomb-14        LJ (SR)   Coulomb (SR)   Coul. recip.      Potential
    1.64014e+04    4.20622e+04   -4.24338e+05    2.61345e+03   -3.55109e+05
 Pressure (bar)
   -4.91569e+03

           Step           Time
            306      306.00000

           Step           Time
            307      307.00000

   Energies (kJ/mol)
           Bond          Angle    Proper Dih. Per. Imp. Dih.          LJ-14
    2.97663e+02    9.87694e+02    4.82980e+03    9.84438e+01    1.82345e+03
     Coulomb-14        LJ (SR)   Coulomb (SR)   Coul. recip.      Potential
    1.63996e+04    4.20648e+04   -4.24370e+05    2.61426e+03   -3.55254e+05
 Pressure (bar)
   -4.91264e+03

           Step           Time
            308      308.00000

   Energies (kJ/mol)
           Bond          Angle    Proper Dih. Per. Imp. Dih.          LJ-14
    4.41124e+02    1.00086e+03    4.82728e+03    9.74286e+01    1.82183e+03
     Coulomb-14        LJ (SR)   Coulomb (SR)   Coul. recip.      Potential
    1.63990e+04    4.20923e+04   -4.24628e+05    2.59675e+03   -3.55351e+05
 Pressure (bar)
   -4.93783e+03

           Step           Time
            309      309.00000

   Energies (kJ/mol)
           Bond          Angle    Proper Dih. Per. Imp. Dih.          LJ-14
    3.18572e+02    9.88745e+02    4.82780e+03    9.81422e+01    1.82105e+03
     Coulomb-14        LJ (SR)   Coulomb (SR)   Coul. recip.      Potential
    1.63969e+04    4.20962e+04   -4.24670e+05    2.59873e+03   -3.55524e+05
 Pressure (bar)
   -4.93650e+03

           Step           Time
            310      310.00000

           Step           Time
            311      311.00000

   Energies (kJ/mol)
           Bond          Angle    Proper Dih. Per. Imp. Dih.          LJ-14
    3.23480e+02    9.89297e+02    4.82702e+03    9.75982e+01    1.82089e+03
     Coulomb-14        LJ (SR)   Coulomb (SR)   Coul. recip.      Potential
    1.63980e+04    4.21006e+04   -4.24711e+05    2.59405e+03   -3.55560e+05
 Pressure (bar)
   -4.93898e+03

           Step           Time
            312      312.00000

   Energies (kJ/mol)
           Bond          Angle    Proper Dih. Per. Imp. Dih.          LJ-14
    3.43644e+02    9.90939e+02    4.82719e+03    9.80883e+01    1.82030e+03
     Coulomb-14        LJ (SR)   Coulomb (SR)   Coul. recip.      Potential
    1.63960e+04    4.21065e+04   -4.24767e+05    2.59420e+03   -3.55590e+05
 Pressure (bar)
   -4.94410e+03

           Step           Time
            313      313.00000

   Energies (kJ/mol)
           Bond          Angle    Proper Dih. Per. Imp. Dih.          LJ-14
    3.51844e+02    9.92002e+02    4.82625e+03    9.73776e+01    1.82023e+03
     Coulomb-14        LJ (SR)   Coulomb (SR)   Coul. recip.      Potential
    1.63978e+04    4.21107e+04   -4.24803e+05    2.58871e+03   -3.55618e+05
 Pressure (bar)
   -4.94687e+03

           Step           Time
            314      314.00000

   Energies (kJ/mol)
           Bond          Angle    Proper Dih. Per. Imp. Dih.          LJ-14
    3.94713e+02    9.95737e+02    4.82663e+03    9.81571e+01    1.81956e+03
     Coulomb-14        LJ (SR)   Coulomb (SR)   Coul. recip.      Potential
    1.63949e+04    4.21172e+04   -4.24864e+05    2.59000e+03   -3.55627e+05
 Pressure (bar)
   -4.95324e+03

           Step           Time
            315      315.00000

   Energies (kJ/mol)
           Bond          Angle    Proper Dih. Per. Imp. Dih.          LJ-14
    4.11829e+02    9.97951e+02    4.82544e+03    9.71700e+01    1.81961e+03
     Coulomb-14        LJ (SR)   Coulomb (SR)   Coul. recip.      Potential
    1.63978e+04    4.21209e+04   -4.24895e+05    2.58327e+03   -3.55641e+05
 Pressure (bar)
   -4.95626e+03

           Step           Time
            316      316.00000

           Step           Time
            317      317.00000

   Energies (kJ/mol)
           Bond          Angle    Proper Dih. Per. Imp. Dih.          LJ-14
    2.99478e+02    9.86384e+02    4.82577e+03    9.77010e+01    1.81907e+03
     Coulomb-14        LJ (SR)   Coulomb (SR)   Coul. recip.      Potential
    1.63958e+04    4.21240e+04   -4.24928e+05    2.58430e+03   -3.55795e+05
 Pressure (bar)
   -4.95270e+03

           Step           Time
            318      318.00000

   Energies (kJ/mol)
           Bond          Angle    Proper Dih. Per. Imp. Dih.          LJ-14
    4.60666e+02    1.00156e+03    4.82369e+03    9.67258e+01    1.81803e+03
     Coulomb-14        LJ (SR)   Coulomb (SR)   Coul. recip.      Potential
    1.63960e+04    4.21468e+04   -4.25121e+05    2.57045e+03   -3.55807e+05
 Pressure (bar)
   -4.97337e+03

           Step           Time
            319      319.00000

   Energies (kJ/mol)
           Bond          Angle    Proper Dih. Per. Imp. Dih.          LJ-14
    3.23840e+02    9.87990e+02    4.82425e+03    9.75113e+01    1.81721e+03
     Coulomb-14        LJ (SR)   Coulomb (SR)   Coul. recip.      Potential
    1.63936e+04    4.21511e+04   -4.25164e+05    2.57271e+03   -3.55995e+05
 Pressure (bar)
   -4.97104e+03

           Step           Time
            320      320.00000

           Step           Time
            321      321.00000

   Energies (kJ/mol)
           Bond          Angle    Proper Dih. Per. Imp. Dih.          LJ-14
    3.26802e+02    9.88345e+02    4.82347e+03    9.69286e+01    1.81712e+03
     Coulomb-14        LJ (SR)   Coulomb (SR)   Coul. recip.      Potential
    1.63949e+04    4.21555e+04   -4.25201e+05    2.56803e+03   -3.56030e+05
 Pressure (bar)
   -4.97309e+03

           Step           Time
            322      322.00000

   Energies (kJ/mol)
           Bond          Angle    Proper Dih. Per. Imp. Dih.          LJ-14
    3.53276e+02    9.90601e+02    4.82367e+03    9.74685e+01    1.81650e+03
     Coulomb-14        LJ (SR)   Coulomb (SR)   Coul. recip.      Potential
    1.63927e+04    4.21621e+04   -4.25258e+05    2.56846e+03   -3.56053e+05
 Pressure (bar)
   -4.97851e+03

           Step           Time
            323      323.00000

   Energies (kJ/mol)
           Bond          Angle    Proper Dih. Per. Imp. Dih.          LJ-14
    3.59274e+02    9.91489e+02    4.82271e+03    9.67003e+01    1.81649e+03
     Coulomb-14        LJ (SR)   Coulomb (SR)   Coul. recip.      Potential
    1.63948e+04    4.21662e+04   -4.25292e+05    2.56288e+03   -3.56081e+05
 Pressure (bar)
   -4.98085e+03

           Step           Time
            324      324.00000

           Step           Time
            325      325.00000

   Energies (kJ/mol)
           Bond          Angle    Proper Dih. Per. Imp. Dih.          LJ-14
    2.98914e+02    9.85213e+02    4.82292e+03    9.70855e+01    1.81606e+03
     Coulomb-14        LJ (SR)   Coulomb (SR)   Coul. recip.      Potential
    1.63932e+04    4.21695e+04   -4.25322e+05    2.56346e+03   -3.56176e+05
 Pressure (bar)
   -4.97980e+03

           Step           Time
            326      326.00000

   Energies (kJ/mol)
           Bond          Angle    Proper Dih. Per. Imp. Dih.          LJ-14
    3.84602e+02    9.93218e+02    4.82113e+03    9.62907e+01    1.81500e+03
     Coulomb-14        LJ (SR)   Coulomb (SR)   Coul. recip.      Potential
    1.63934e+04    4.21915e+04   -4.25501e+05    2.55150e+03   -3.56255e+05
 Pressure (bar)
   -4.99571e+03

           Step           Time
            327      327.00000

   Energies (kJ/mol)
           Bond          Angle    Proper Dih. Per. Imp. Dih.          LJ-14
    3.13818e+02    9.86020e+02    4.82148e+03    9.68638e+01    1.81437e+03
     Coulomb-14        LJ (SR)   Coulomb (SR)   Coul. recip.      Potential
    1.63914e+04    4.21959e+04   -4.25540e+05    2.55286e+03   -3.56367e+05
 Pressure (bar)
   -4.99549e+03

           Step           Time
            328      328.00000

           Step           Time
            329      329.00000

   Energies (kJ/mol)
           Bond          Angle    Proper Dih. Per. Imp. Dih.          LJ-14
    3.12087e+02    9.85892e+02    4.82084e+03    9.64229e+01    1.81424e+03
     Coulomb-14        LJ (SR)   Coulomb (SR)   Coul. recip.      Potential
    1.63924e+04    4.22005e+04   -4.25577e+05    2.54893e+03   -3.56405e+05
 Pressure (bar)
   -4.99743e+03

           Step           Time
            330      330.00000

   Energies (kJ/mol)
           Bond          Angle    Proper Dih. Per. Imp. Dih.          LJ-14
    3.31361e+02    9.87468e+02    4.82089e+03    9.68014e+01    1.81368e+03
     Coulomb-14        LJ (SR)   Coulomb (SR)   Coul. recip.      Potential
    1.63906e+04    4.22073e+04   -4.25632e+05    2.54862e+03   -3.56436e+05
 Pressure (bar)
   -5.00218e+03

           Step           Time
            331      331.00000

   Energies (kJ/mol)
           Bond          Angle    Proper Dih. Per. Imp. Dih.          LJ-14
    3.28967e+02    9.87427e+02    4.82012e+03    9.62177e+01    1.81361e+03
     Coulomb-14        LJ (SR)   Coulomb (SR)   Coul. recip.      Potential
    1.63922e+04    4.22116e+04   -4.25667e+05    2.54401e+03   -3.56472e+05
 Pressure (bar)
   -5.00413e+03

           Step           Time
            332      332.00000

   Energies (kJ/mol)
           Bond          Angle    Proper Dih. Per. Imp. Dih.          LJ-14
    3.66259e+02    9.90663e+02    4.82034e+03    9.68210e+01    1.81298e+03
     Coulomb-14        LJ (SR)   Coulomb (SR)   Coul. recip.      Potential
    1.63896e+04    4.22189e+04   -4.25725e+05    2.54465e+03   -3.56485e+05
 Pressure (bar)
   -5.00980e+03

           Step           Time
            333      333.00000

   Energies (kJ/mol)
           Bond          Angle    Proper Dih. Per. Imp. Dih.          LJ-14
    3.65361e+02    9.90959e+02    4.81936e+03    9.60167e+01    1.81303e+03
     Coulomb-14        LJ (SR)   Coulomb (SR)   Coul. recip.      Potential
    1.63920e+04    4.22229e+04   -4.25755e+05    2.53900e+03   -3.56517e+05
 Pressure (bar)
   -5.01167e+03

           Step           Time
            334      334.00000

           Step           Time
            335      335.00000

   Energies (kJ/mol)
           Bond          Angle    Proper Dih. Per. Imp. Dih.          LJ-14
    3.00398e+02    9.84185e+02    4.81959e+03    9.64365e+01    1.81256e+03
     Coulomb-14        LJ (SR)   Coulomb (SR)   Coul. recip.      Potential
    1.63903e+04    4.22265e+04   -4.25786e+05    2.53974e+03   -3.56617e+05
 Pressure (bar)
   -5.01029e+03

           Step           Time
            336      336.00000

   Energies (kJ/mol)
           Bond          Angle    Proper Dih. Per. Imp. Dih.          LJ-14
    3.95764e+02    9.93211e+02    4.81800e+03    9.56793e+01    1.81181e+03
     Coulomb-14        LJ (SR)   Coulomb (SR)   Coul. recip.      Potential
    1.63909e+04    4.22458e+04   -4.25932e+05    2.52947e+03   -3.56652e+05
 Pressure (bar)
   -5.02406e+03

           Step           Time
            337      337.00000

   Energies (kJ/mol)
           Bond          Angle    Proper Dih. Per. Imp. Dih.          LJ-14
    3.17812e+02    9.85341e+02    4.81839e+03    9.63032e+01    1.81114e+03
     Coulomb-14        LJ (SR)   Coulomb (SR)   Coul. recip.      Potential
    1.63887e+04    4.22506e+04   -4.25972e+05    2.53110e+03   -3.56772e+05
 Pressure (bar)
   -5.02346e+03

           Step           Time
            338      338.00000

           Step           Time
            339      339.00000

   Energies (kJ/mol)
           Bond          Angle    Proper Dih. Per. Imp. Dih.          LJ-14
    3.13825e+02    9.84970e+02    4.81774e+03    9.58352e+01    1.81106e+03
     Coulomb-14        LJ (SR)   Coulomb (SR)   Coul. recip.      Potential
    1.63898e+04    4.22550e+04   -4.26006e+05    2.52718e+03   -3.56810e+05
 Pressure (bar)
   -5.02496e+03

           Step           Time
            340      340.00000

   Energies (kJ/mol)
           Bond          Angle    Proper Dih. Per. Imp. Dih.          LJ-14
    3.38265e+02    9.87074e+02    4.81781e+03    9.62491e+01    1.81047e+03
     Coulomb-14        LJ (SR)   Coulomb (SR)   Coul. recip.      Potential
    1.63879e+04    4.22625e+04   -4.26063e+05    2.52708e+03   -3.56835e+05
 Pressure (bar)
   -5.02995e+03

           Step           Time
            341      341.00000

   Energies (kJ/mol)
           Bond          Angle    Proper Dih. Per. Imp. Dih.          LJ-14
    3.33000e+02    9.86745e+02    4.81703e+03    9.56242e+01    1.81046e+03
     Coulomb-14        LJ (SR)   Coulomb (SR)   Coul. recip.      Potential
    1.63897e+04    4.22667e+04   -4.26094e+05    2.52239e+03   -3.56872e+05
 Pressure (bar)
   -5.03150e+03

           Step           Time
            342      342.00000

   Energies (kJ/mol)
           Bond          Angle    Proper Dih. Per. Imp. Dih.          LJ-14
    3.78683e+02    9.90846e+02    4.81728e+03    9.62839e+01    1.80980e+03
     Coulomb-14        LJ (SR)   Coulomb (SR)   Coul. recip.      Potential
    1.63869e+04    4.22746e+04   -4.26153e+05    2.52339e+03   -3.56875e+05
 Pressure (bar)
   -5.03751e+03

           Step           Time
            343      343.00000

   Energies (kJ/mol)
           Bond          Angle    Proper Dih. Per. Imp. Dih.          LJ-14
    3.74585e+02    9.90819e+02    4.81627e+03    9.54213e+01    1.80990e+03
     Coulomb-14        LJ (SR)   Coulomb (SR)   Coul. recip.      Potential
    1.63897e+04    4.22783e+04   -4.26181e+05    2.51756e+03   -3.56909e+05
 Pressure (bar)
   -5.03896e+03

           Step           Time
            344      344.00000

           Step           Time
            345      345.00000

   Energies (kJ/mol)
           Bond          Angle    Proper Dih. Per. Imp. Dih.          LJ-14
    3.01556e+02    9.83252e+02    4.81652e+03    9.58772e+01    1.80941e+03
     Coulomb-14        LJ (SR)   Coulomb (SR)   Coul. recip.      Potential
    1.63878e+04    4.22823e+04   -4.26212e+05    2.51847e+03   -3.57017e+05
 Pressure (bar)
   -5.03708e+03

           Step           Time
            346      346.00000

   Energies (kJ/mol)
           Bond          Angle    Proper Dih. Per. Imp. Dih.          LJ-14
    4.10307e+02    9.93560e+02    4.81498e+03    9.50914e+01    1.80881e+03
     Coulomb-14        LJ (SR)   Coulomb (SR)   Coul. recip.      Potential
    1.63886e+04    4.23010e+04   -4.26347e+05    2.50875e+03   -3.57026e+05
 Pressure (bar)
   -5.05037e+03

           Step           Time
            347      347.00000

   Energies (kJ/mol)
           Bond          Angle    Proper Dih. Per. Imp. Dih.          LJ-14
    3.21489e+02    9.84709e+02    4.81541e+03    9.57694e+01    1.80809e+03
     Coulomb-14        LJ (SR)   Coulomb (SR)   Coul. recip.      Potential
    1.63862e+04    4.23061e+04   -4.26387e+05    2.51065e+03   -3.57158e+05
 Pressure (bar)
   -5.04924e+03

           Step           Time
            348      348.00000

           Step           Time
            349      349.00000

   Energies (kJ/mol)
           Bond          Angle    Proper Dih. Per. Imp. Dih.          LJ-14
    3.16502e+02    9.84185e+02    4.81475e+03    9.52687e+01    1.80805e+03
     Coulomb-14        LJ (SR)   Coulomb (SR)   Coul. recip.      Potential
    1.63875e+04    4.23106e+04   -4.26419e+05    2.50667e+03   -3.57195e+05
 Pressure (bar)
   -5.05046e+03

           Step           Time
            350      350.00000

   Energies (kJ/mol)
           Bond          Angle    Proper Dih. Per. Imp. Dih.          LJ-14
    3.44881e+02    9.86744e+02    4.81484e+03    9.57232e+01    1.80744e+03
     Coulomb-14        LJ (SR)   Coulomb (SR)   Coul. recip.      Potential
    1.63854e+04    4.23185e+04   -4.26475e+05    2.50688e+03   -3.57215e+05
 Pressure (bar)
   -5.05554e+03

           Step           Time
            351      351.00000

   Energies (kJ/mol)
           Bond          Angle    Proper Dih. Per. Imp. Dih.          LJ-14
    3.38648e+02    9.86267e+02    4.81403e+03    9.50563e+01    1.80748e+03
     Coulomb-14        LJ (SR)   Coulomb (SR)   Coul. recip.      Potential
    1.63874e+04    4.23226e+04   -4.26505e+05    2.50205e+03   -3.57252e+05
 Pressure (bar)
   -5.05684e+03

           Step           Time
            352      352.00000

           Step           Time
            353      353.00000

   Energies (kJ/mol)
           Bond          Angle    Proper Dih. Per. Imp. Dih.          LJ-14
    3.00688e+02    9.82304e+02    4.81417e+03    9.53846e+01    1.80707e+03
     Coulomb-14        LJ (SR)   Coulomb (SR)   Coul. recip.      Potential
    1.63860e+04    4.23266e+04   -4.26535e+05    2.50253e+03   -3.57320e+05
 Pressure (bar)
   -5.05668e+03

           Step           Time
            354      354.00000

   Energies (kJ/mol)
           Bond          Angle    Proper Dih. Per. Imp. Dih.          LJ-14
    3.57223e+02    9.87560e+02    4.81287e+03    9.47555e+01    1.80646e+03
     Coulomb-14        LJ (SR)   Coulomb (SR)   Coul. recip.      Potential
    1.63866e+04    4.23442e+04   -4.26658e+05    2.49425e+03   -3.57374e+05
 Pressure (bar)
   -5.06662e+03

           Step           Time
            355      355.00000

   Energies (kJ/mol)
           Bond          Angle    Proper Dih. Per. Imp. Dih.          LJ-14
    3.12866e+02    9.83078e+02    4.81312e+03    9.52464e+01    1.80589e+03
     Coulomb-14        LJ (SR)   Coulomb (SR)   Coul. recip.      Potential
    1.63847e+04    4.23493e+04   -4.26694e+05    2.49536e+03   -3.57455e+05
 Pressure (bar)
   -5.06702e+03

           Step           Time
            356      356.00000

           Step           Time
            357      357.00000

   Energies (kJ/mol)
           Bond          Angle    Proper Dih. Per. Imp. Dih.          LJ-14
    3.07102e+02    9.82459e+02    4.81258e+03    9.48675e+01    1.80581e+03
     Coulomb-14        LJ (SR)   Coulomb (SR)   Coul. recip.      Potential
    1.63856e+04    4.23538e+04   -4.26726e+05    2.49206e+03   -3.57492e+05
 Pressure (bar)
   -5.06830e+03

           Step           Time
            358      358.00000

   Energies (kJ/mol)
           Bond          Angle    Proper Dih. Per. Imp. Dih.          LJ-14
    3.26847e+02    9.84206e+02    4.81254e+03    9.51812e+01    1.80525e+03
     Coulomb-14        LJ (SR)   Coulomb (SR)   Coul. recip.      Potential
    1.63839e+04    4.23620e+04   -4.26782e+05    2.49154e+03   -3.57521e+05
 Pressure (bar)
   -5.07274e+03

           Step           Time
            359      359.00000

   Energies (kJ/mol)
           Bond          Angle    Proper Dih. Per. Imp. Dih.          LJ-14
    3.18372e+02    9.83408e+02    4.81188e+03    9.46748e+01    1.80524e+03
     Coulomb-14        LJ (SR)   Coulomb (SR)   Coul. recip.      Potential
    1.63854e+04    4.23663e+04   -4.26813e+05    2.48758e+03   -3.57560e+05
 Pressure (bar)
   -5.07395e+03

           Step           Time
            360      360.00000

   Energies (kJ/mol)
           Bond          Angle    Proper Dih. Per. Imp. Dih.          LJ-14
    3.53943e+02    9.86679e+02    4.81199e+03    9.51799e+01    1.80460e+03
     Coulomb-14        LJ (SR)   Coulomb (SR)   Coul. recip.      Potential
    1.63831e+04    4.23748e+04   -4.26870e+05    2.48798e+03   -3.57572e+05
 Pressure (bar)
   -5.07911e+03

           Step           Time
            361      361.00000

   Energies (kJ/mol)
           Bond          Angle    Proper Dih. Per. Imp. Dih.          LJ-14
    3.43303e+02    9.85750e+02    4.81117e+03    9.44822e+01    1.80470e+03
     Coulomb-14        LJ (SR)   Coulomb (SR)   Coul. recip.      Potential
    1.63854e+04    4.23788e+04   -4.26898e+05    2.48307e+03   -3.57611e+05
 Pressure (bar)
   -5.08010e+03

           Step           Time
            362      362.00000

           Step           Time
            363      363.00000

   Energies (kJ/mol)
           Bond          Angle    Proper Dih. Per. Imp. Dih.          LJ-14
    3.01854e+02    9.81476e+02    4.81132e+03    9.48404e+01    1.80426e+03
     Coulomb-14        LJ (SR)   Coulomb (SR)   Coul. recip.      Potential
    1.63838e+04    4.23830e+04   -4.26928e+05    2.48368e+03   -3.57683e+05
 Pressure (bar)
   -5.07967e+03

           Step           Time
            364      364.00000

   Energies (kJ/mol)
           Bond          Angle    Proper Dih. Per. Imp. Dih.          LJ-14
    3.64994e+02    9.87337e+02    4.81007e+03    9.42170e+01    1.80380e+03
     Coulomb-14        LJ (SR)   Coulomb (SR)   Coul. recip.      Potential
    1.63847e+04    4.23995e+04   -4.27038e+05    2.47598e+03   -3.57717e+05
 Pressure (bar)
   -5.08887e+03

           Step           Time
            365      365.00000

   Energies (kJ/mol)
           Bond          Angle    Proper Dih. Per. Imp. Dih.          LJ-14
    3.15852e+02    9.82487e+02    4.81035e+03    9.47504e+01    1.80318e+03
     Coulomb-14        LJ (SR)   Coulomb (SR)   Coul. recip.      Potential
    1.63826e+04    4.24048e+04   -4.27075e+05    2.47733e+03   -3.57803e+05
 Pressure (bar)
   -5.08902e+03

           Step           Time
            366      366.00000

           Step           Time
            367      367.00000

   Energies (kJ/mol)
           Bond          Angle    Proper Dih. Per. Imp. Dih.          LJ-14
    3.08395e+02    9.81636e+02    4.80980e+03    9.43506e+01    1.80315e+03
     Coulomb-14        LJ (SR)   Coulomb (SR)   Coul. recip.      Potential
    1.63837e+04    4.24093e+04   -4.27105e+05    2.47398e+03   -3.57840e+05
 Pressure (bar)
   -5.09001e+03

           Step           Time
            368      368.00000

   Energies (kJ/mol)
           Bond          Angle    Proper Dih. Per. Imp. Dih.          LJ-14
    3.31840e+02    9.83825e+02    4.80978e+03    9.46937e+01    1.80255e+03
     Coulomb-14        LJ (SR)   Coulomb (SR)   Coul. recip.      Potential
    1.63818e+04    4.24179e+04   -4.27161e+05    2.47367e+03   -3.57865e+05
 Pressure (bar)
   -5.09458e+03

           Step           Time
            369      369.00000

   Energies (kJ/mol)
           Bond          Angle    Proper Dih. Per. Imp. Dih.          LJ-14
    3.21224e+02    9.82739e+02    4.80911e+03    9.41562e+01    1.80260e+03
     Coulomb-14        LJ (SR)   Coulomb (SR)   Coul. recip.      Potential
    1.63835e+04    4.24222e+04   -4.27190e+05    2.46962e+03   -3.57905e+05
 Pressure (bar)
   -5.09549e+03

           Step           Time
            370      370.00000

   Energies (kJ/mol)
           Bond          Angle    Proper Dih. Per. Imp. Dih.          LJ-14
    3.62757e+02    9.86710e+02    4.80924e+03    9.47076e+01    1.80193e+03
     Coulomb-14        LJ (SR)   Coulomb (SR)   Coul. recip.      Potential
    1.63810e+04    4.24310e+04   -4.27247e+05    2.47031e+03   -3.57910e+05
 Pressure (bar)
   -5.10089e+03

           Step           Time
            371      371.00000

   Energies (kJ/mol)
           Bond          Angle    Proper Dih. Per. Imp. Dih.          LJ-14
    3.49712e+02    9.85433e+02    4.80839e+03    9.39625e+01    1.80210e+03
     Coulomb-14        LJ (SR)   Coulomb (SR)   Coul. recip.      Potential
    1.63835e+04    4.24349e+04   -4.27274e+05    2.46519e+03   -3.57951e+05
 Pressure (bar)
   -5.10155e+03

           Step           Time
            372      372.00000

           Step           Time
            373      373.00000

   Energies (kJ/mol)
           Bond          Angle    Proper Dih. Per. Imp. Dih.          LJ-14
    3.02801e+02    9.80690e+02    4.80856e+03    9.43507e+01    1.80162e+03
     Coulomb-14        LJ (SR)   Coulomb (SR)   Coul. recip.      Potential
    1.63818e+04    4.24393e+04   -4.27304e+05    2.46601e+03   -3.58029e+05
 Pressure (bar)
   -5.10082e+03

           Step           Time
            374      374.00000

   Energies (kJ/mol)
           Bond          Angle    Proper Dih. Per. Imp. Dih.          LJ-14
    3.74934e+02    9.87333e+02    4.80733e+03    9.36992e+01    1.80127e+03
     Coulomb-14        LJ (SR)   Coulomb (SR)   Coul. recip.      Potential
    1.63829e+04    4.24557e+04   -4.27408e+05    2.45844e+03   -3.58047e+05
 Pressure (bar)
   -5.10990e+03

           Step           Time
            375      375.00000

   Energies (kJ/mol)
           Bond          Angle    Proper Dih. Per. Imp. Dih.          LJ-14
    3.18567e+02    9.81923e+02    4.80763e+03    9.42757e+01    1.80058e+03
     Coulomb-14        LJ (SR)   Coulomb (SR)   Coul. recip.      Potential
    1.63806e+04    4.24613e+04   -4.27446e+05    2.46006e+03   -3.58141e+05
 Pressure (bar)
   -5.10974e+03

           Step           Time
            376      376.00000

           Step           Time
            377      377.00000

   Energies (kJ/mol)
           Bond          Angle    Proper Dih. Per. Imp. Dih.          LJ-14
    3.10270e+02    9.80904e+02    4.80707e+03    9.38497e+01    1.80060e+03
     Coulomb-14        LJ (SR)   Coulomb (SR)   Coul. recip.      Potential
    1.63818e+04    4.24657e+04   -4.27475e+05    2.45664e+03   -3.58178e+05
 Pressure (bar)
   -5.11048e+03

           Step           Time
            378      378.00000

   Energies (kJ/mol)
           Bond          Angle    Proper Dih. Per. Imp. Dih.          LJ-14
    3.36591e+02    9.83473e+02    4.80707e+03    9.42271e+01    1.79998e+03
     Coulomb-14        LJ (SR)   Coulomb (SR)   Coul. recip.      Potential
    1.63799e+04    4.24747e+04   -4.27530e+05    2.45658e+03   -3.58198e+05
 Pressure (bar)
   -5.11512e+03

           Step           Time
            379      379.00000

   Energies (kJ/mol)
           Bond          Angle    Proper Dih. Per. Imp. Dih.          LJ-14
    3.25120e+02    9.82199e+02    4.80638e+03    9.36535e+01    1.80008e+03
     Coulomb-14        LJ (SR)   Coulomb (SR)   Coul. recip.      Potential
    1.63817e+04    4.24789e+04   -4.27558e+05    2.45238e+03   -3.58238e+05
 Pressure (bar)
   -5.11581e+03

           Step           Time
            380      380.00000

           Step           Time
            381      381.00000

   Energies (kJ/mol)
           Bond          Angle    Proper Dih. Per. Imp. Dih.          LJ-14
    3.01961e+02    9.79880e+02    4.80646e+03    9.39306e+01    1.79968e+03
     Coulomb-14        LJ (SR)   Coulomb (SR)   Coul. recip.      Potential
    1.63804e+04    4.24833e+04   -4.27587e+05    2.45275e+03   -3.58288e+05
 Pressure (bar)
   -5.11621e+03

           Step           Time
            382      382.00000

   Energies (kJ/mol)
           Bond          Angle    Proper Dih. Per. Imp. Dih.          LJ-14
    3.38169e+02    9.83065e+02    4.80543e+03    9.34174e+01    1.79931e+03
     Coulomb-14        LJ (SR)   Coulomb (SR)   Coul. recip.      Potential
    1.63813e+04    4.24982e+04   -4.27680e+05    2.44645e+03   -3.58335e+05
 Pressure (bar)
   -5.12288e+03

           Step           Time
            383      383.00000

   Energies (kJ/mol)
           Bond          Angle    Proper Dih. Per. Imp. Dih.          LJ-14
    3.11672e+02    9.80562e+02    4.80559e+03    9.38330e+01    1.79876e+03
     Coulomb-14        LJ (SR)   Coulomb (SR)   Coul. recip.      Potential
    1.63795e+04    4.25037e+04   -4.27715e+05    2.44735e+03   -3.58394e+05
 Pressure (bar)
   -5.12374e+03

           Step           Time
            384      384.00000

           Step           Time
            385      385.00000

   Energies (kJ/mol)
           Bond          Angle    Proper Dih. Per. Imp. Dih.          LJ-14
    3.04302e+02    9.79648e+02    4.80513e+03    9.35098e+01    1.79874e+03
     Coulomb-14        LJ (SR)   Coulomb (SR)   Coul. recip.      Potential
    1.63804e+04    4.25081e+04   -4.27743e+05    2.44453e+03   -3.58429e+05
 Pressure (bar)
   -5.12461e+03

           Step           Time
            386      386.00000

   Energies (kJ/mol)
           Bond          Angle    Proper Dih. Per. Imp. Dih.          LJ-14
    3.22539e+02    9.81426e+02    4.80500e+03    9.37640e+01    1.79816e+03
     Coulomb-14        LJ (SR)   Coulomb (SR)   Coul. recip.      Potential
    1.63788e+04    4.25176e+04   -4.27801e+05    2.44377e+03   -3.58460e+05
 Pressure (bar)
   -5.12873e+03

           Step           Time
            387      387.00000

   Energies (kJ/mol)
           Bond          Angle    Proper Dih. Per. Imp. Dih.          LJ-14
    3.11643e+02    9.80170e+02    4.80445e+03    9.33294e+01    1.79821e+03
     Coulomb-14        LJ (SR)   Coulomb (SR)   Coul. recip.      Potential
    1.63802e+04    4.25218e+04   -4.27828e+05    2.44035e+03   -3.58498e+05
 Pressure (bar)
   -5.12946e+03

           Step           Time
            388      388.00000

   Energies (kJ/mol)
           Bond          Angle    Proper Dih. Per. Imp. Dih.          LJ-14
    3.43121e+02    9.83315e+02    4.80445e+03    9.37478e+01    1.79756e+03
     Coulomb-14        LJ (SR)   Coulomb (SR)   Coul. recip.      Potential
    1.63781e+04    4.25312e+04   -4.27886e+05    2.44047e+03   -3.58514e+05
 Pressure (bar)
   -5.13412e+03

           Step           Time
            389      389.00000

   Energies (kJ/mol)
           Bond          Angle    Proper Dih. Per. Imp. Dih.          LJ-14
    3.28365e+02    9.81635e+02    4.80376e+03    9.31474e+01    1.79773e+03
     Coulomb-14        LJ (SR)   Coulomb (SR)   Coul. recip.      Potential
    1.63802e+04    4.25353e+04   -4.27912e+05    2.43619e+03   -3.58555e+05
 Pressure (bar)
   -5.13458e+03

           Step           Time
            390      390.00000

           Step           Time
            391      391.00000

   Energies (kJ/mol)
           Bond          Angle    Proper Dih. Per. Imp. Dih.          LJ-14
    3.02952e+02    9.79164e+02    4.80384e+03    9.34494e+01    1.79730e+03
     Coulomb-14        LJ (SR)   Coulomb (SR)   Coul. recip.      Potential
    1.63787e+04    4.25399e+04   -4.27940e+05    2.43667e+03   -3.58608e+05
 Pressure (bar)
   -5.13481e+03

           Step           Time
            392      392.00000

   Energies (kJ/mol)
           Bond          Angle    Proper Dih. Per. Imp. Dih.          LJ-14
    3.43450e+02    9.82674e+02    4.80284e+03    9.29319e+01    1.79703e+03
     Coulomb-14        LJ (SR)   Coulomb (SR)   Coul. recip.      Potential
    1.63798e+04    4.25543e+04   -4.28027e+05    2.43059e+03   -3.58643e+05
 Pressure (bar)
   -5.14108e+03

           Step           Time
            393      393.00000

   Energies (kJ/mol)
           Bond          Angle    Proper Dih. Per. Imp. Dih.          LJ-14
    3.13964e+02    9.80016e+02    4.80302e+03    9.33841e+01    1.79643e+03
     Coulomb-14        LJ (SR)   Coulomb (SR)   Coul. recip.      Potential
    1.63778e+04    4.25600e+04   -4.28062e+05    2.43169e+03   -3.58706e+05
 Pressure (bar)
   -5.14181e+03

           Step           Time
            394      394.00000

           Step           Time
            395      395.00000

   Energies (kJ/mol)
           Bond          Angle    Proper Dih. Per. Imp. Dih.          LJ-14
    3.05247e+02    9.78889e+02    4.80256e+03    9.30434e+01    1.79645e+03
     Coulomb-14        LJ (SR)   Coulomb (SR)   Coul. recip.      Potential
    1.63788e+04    4.25643e+04   -4.28089e+05    2.42884e+03   -3.58741e+05
 Pressure (bar)
   -5.14245e+03

           Step           Time
            396      396.00000

   Energies (kJ/mol)
           Bond          Angle    Proper Dih. Per. Imp. Dih.          LJ-14
    3.26248e+02    9.81036e+02    4.80245e+03    9.33239e+01    1.79584e+03
     Coulomb-14        LJ (SR)   Coulomb (SR)   Coul. recip.      Potential
    1.63771e+04    4.25741e+04   -4.28147e+05    2.42825e+03   -3.58768e+05
 Pressure (bar)
   -5.14665e+03

           Step           Time
            397      397.00000

   Energies (kJ/mol)
           Bond          Angle    Proper Dih. Per. Imp. Dih.          LJ-14
    3.13617e+02    9.79506e+02    4.80188e+03    9.28621e+01    1.79595e+03
     Coulomb-14        LJ (SR)   Coulomb (SR)   Coul. recip.      Potential
    1.63787e+04    4.25784e+04   -4.28173e+05    2.42474e+03   -3.58808e+05
 Pressure (bar)
   -5.14715e+03

           Step           Time
            398      398.00000

   Energies (kJ/mol)
           Bond          Angle    Proper Dih. Per. Imp. Dih.          LJ-14
    3.49499e+02    9.83210e+02    4.80190e+03    9.33206e+01    1.79526e+03
     Coulomb-14        LJ (SR)   Coulomb (SR)   Coul. recip.      Potential
    1.63764e+04    4.25881e+04   -4.28230e+05    2.42511e+03   -3.58817e+05
 Pressure (bar)
   -5.15195e+03

           Step           Time
            399      399.00000

   Energies (kJ/mol)
           Bond          Angle    Proper Dih. Per. Imp. Dih.          LJ-14
    3.32731e+02    9.81198e+02    4.80120e+03    9.26816e+01    1.79550e+03
     Coulomb-14        LJ (SR)   Coulomb (SR)   Coul. recip.      Potential
    1.63787e+04    4.25921e+04   -4.28255e+05    2.42065e+03   -3.58860e+05
 Pressure (bar)
   -5.15215e+03

           Step           Time
            400      400.00000

           Step           Time
            401      401.00000

   Energies (kJ/mol)
           Bond          Angle    Proper Dih. Per. Imp. Dih.          LJ-14
    3.03761e+02    9.78463e+02    4.80130e+03    9.30086e+01    1.79503e+03
     Coulomb-14        LJ (SR)   Coulomb (SR)   Coul. recip.      Potential
    1.63771e+04    4.25968e+04   -4.28284e+05    2.42128e+03   -3.58917e+05
 Pressure (bar)
   -5.15216e+03

           Step           Time
            402      402.00000

   Energies (kJ/mol)
           Bond          Angle    Proper Dih. Per. Imp. Dih.          LJ-14
    3.50178e+02    9.82437e+02    4.80030e+03    9.24645e+01    1.79485e+03
     Coulomb-14        LJ (SR)   Coulomb (SR)   Coul. recip.      Potential
    1.63783e+04    4.26112e+04   -4.28368e+05    2.41524e+03   -3.58943e+05
 Pressure (bar)
   -5.15839e+03

           Step           Time
            403      403.00000

   Energies (kJ/mol)
           Bond          Angle    Proper Dih. Per. Imp. Dih.          LJ-14
    3.16050e+02    9.79477e+02    4.80050e+03    9.29523e+01    1.79420e+03
     Coulomb-14        LJ (SR)   Coulomb (SR)   Coul. recip.      Potential
    1.63762e+04    4.26171e+04   -4.28403e+05    2.41654e+03   -3.59010e+05
 Pressure (bar)
   -5.15890e+03

           Step           Time
            404      404.00000

           Step           Time
            405      405.00000

   Energies (kJ/mol)
           Bond          Angle    Proper Dih. Per. Imp. Dih.          LJ-14
    3.06563e+02    9.78188e+02    4.80003e+03    9.25901e+01    1.79426e+03
     Coulomb-14        LJ (SR)   Coulomb (SR)   Coul. recip.      Potential
    1.63773e+04    4.26215e+04   -4.28429e+05    2.41361e+03   -3.59045e+05
 Pressure (bar)
   -5.15938e+03

           Step           Time
            406      406.00000

   Energies (kJ/mol)
           Bond          Angle    Proper Dih. Per. Imp. Dih.          LJ-14
    3.29761e+02    9.80649e+02    4.79994e+03    9.28985e+01    1.79363e+03
     Coulomb-14        LJ (SR)   Coulomb (SR)   Coul. recip.      Potential
    1.63755e+04    4.26314e+04   -4.28486e+05    2.41325e+03   -3.59069e+05
 Pressure (bar)
   -5.16359e+03

           Step           Time
            407      407.00000

   Energies (kJ/mol)
           Bond          Angle    Proper Dih. Per. Imp. Dih.          LJ-14
    3.16280e+02    9.78923e+02    4.79937e+03    9.24083e+01    1.79379e+03
     Coulomb-14        LJ (SR)   Coulomb (SR)   Coul. recip.      Potential
    1.63772e+04    4.26356e+04   -4.28512e+05    2.40964e+03   -3.59108e+05
 Pressure (bar)
   -5.16390e+03

           Step           Time
            408      408.00000

   Energies (kJ/mol)
           Bond          Angle    Proper Dih. Per. Imp. Dih.          LJ-14
    3.55779e+02    9.83143e+02    4.79941e+03    9.29076e+01    1.79306e+03
     Coulomb-14        LJ (SR)   Coulomb (SR)   Coul. recip.      Potential
    1.63747e+04    4.26456e+04   -4.28568e+05    2.41028e+03   -3.59113e+05
 Pressure (bar)
   -5.16881e+03

           Step           Time
            409      409.00000

   Energies (kJ/mol)
           Bond          Angle    Proper Dih. Per. Imp. Dih.          LJ-14
    3.38370e+02    9.80897e+02    4.79870e+03    9.22262e+01    1.79338e+03
     Coulomb-14        LJ (SR)   Coulomb (SR)   Coul. recip.      Potential
    1.63773e+04    4.26494e+04   -4.28592e+05    2.40565e+03   -3.59156e+05
 Pressure (bar)
   -5.16881e+03

           Step           Time
            410      410.00000

           Step           Time
            411      411.00000

   Energies (kJ/mol)
           Bond          Angle    Proper Dih. Per. Imp. Dih.          LJ-14
    3.04393e+02    9.77766e+02    4.79881e+03    9.25790e+01    1.79287e+03
     Coulomb-14        LJ (SR)   Coulomb (SR)   Coul. recip.      Potential
    1.63756e+04    4.26543e+04   -4.28620e+05    2.40642e+03   -3.59217e+05
 Pressure (bar)
   -5.16854e+03

           Step           Time
            412      412.00000

   Energies (kJ/mol)
           Bond          Angle    Proper Dih. Per. Imp. Dih.          LJ-14
    3.58606e+02    9.82369e+02    4.79779e+03    9.20019e+01    1.79276e+03
     Coulomb-14        LJ (SR)   Coulomb (SR)   Coul. recip.      Potential
    1.63770e+04    4.26692e+04   -4.28705e+05    2.40026e+03   -3.59235e+05
 Pressure (bar)
   -5.17496e+03

           Step           Time
            413      413.00000

   Energies (kJ/mol)
           Bond          Angle    Proper Dih. Per. Imp. Dih.          LJ-14
    3.17914e+02    9.78931e+02    4.79801e+03    9.25282e+01    1.79204e+03
     Coulomb-14        LJ (SR)   Coulomb (SR)   Coul. recip.      Potential
    1.63747e+04    4.26753e+04   -4.28739e+05    2.40180e+03   -3.59308e+05
 Pressure (bar)
   -5.17518e+03

           Step           Time
            414      414.00000

           Step           Time
            415      415.00000

   Energies (kJ/mol)
           Bond          Angle    Proper Dih. Per. Imp. Dih.          LJ-14
    3.08322e+02    9.77533e+02    4.79754e+03    9.21431e+01    1.79215e+03
     Coulomb-14        LJ (SR)   Coulomb (SR)   Coul. recip.      Potential
    1.63759e+04    4.26797e+04   -4.28765e+05    2.39877e+03   -3.59343e+05
 Pressure (bar)
   -5.17551e+03

           Step           Time
            416      416.00000

   Energies (kJ/mol)
           Bond          Angle    Proper Dih. Per. Imp. Dih.          LJ-14
    3.33074e+02    9.80272e+02    4.79747e+03    9.24828e+01    1.79150e+03
     Coulomb-14        LJ (SR)   Coulomb (SR)   Coul. recip.      Potential
    1.63740e+04    4.26896e+04   -4.28820e+05    2.39867e+03   -3.59363e+05
 Pressure (bar)
   -5.17970e+03

           Step           Time
            417      417.00000

   Energies (kJ/mol)
           Bond          Angle    Proper Dih. Per. Imp. Dih.          LJ-14
    3.19745e+02    9.78430e+02    4.79689e+03    9.19597e+01    1.79172e+03
     Coulomb-14        LJ (SR)   Coulomb (SR)   Coul. recip.      Potential
    1.63759e+04    4.26939e+04   -4.28846e+05    2.39491e+03   -3.59402e+05
 Pressure (bar)
   -5.17989e+03

           Step           Time
            418      418.00000

           Step           Time
            419      419.00000

   Energies (kJ/mol)
           Bond          Angle    Proper Dih. Per. Imp. Dih.          LJ-14
    3.03449e+02    9.77036e+02    4.79693e+03    9.22123e+01    1.79130e+03
     Coulomb-14        LJ (SR)   Coulomb (SR)   Coul. recip.      Potential
    1.63746e+04    4.26987e+04   -4.28873e+05    2.39526e+03   -3.59444e+05
 Pressure (bar)
   -5.18044e+03

           Step           Time
            420      420.00000

   Energies (kJ/mol)
           Bond          Angle    Proper Dih. Per. Imp. Dih.          LJ-14
    3.30225e+02    9.79070e+02    4.79609e+03    9.17598e+01    1.79115e+03
     Coulomb-14        LJ (SR)   Coulomb (SR)   Coul. recip.      Potential
    1.63756e+04    4.27123e+04   -4.28949e+05    2.39013e+03   -3.59483e+05
 Pressure (bar)
   -5.18508e+03

           Step           Time
            421      421.00000

   Energies (kJ/mol)
           Bond          Angle    Proper Dih. Per. Imp. Dih.          LJ-14
    3.11746e+02    9.77698e+02    4.79619e+03    9.21396e+01    1.79057e+03
     Coulomb-14        LJ (SR)   Coulomb (SR)   Coul. recip.      Potential
    1.63738e+04    4.27183e+04   -4.28982e+05    2.39096e+03   -3.59531e+05
 Pressure (bar)
   -5.18604e+03

           Step           Time
            422      422.00000

   Energies (kJ/mol)
           Bond          Angle    Proper Dih. Per. Imp. Dih.          LJ-14
    3.50433e+02    9.80806e+02    4.79543e+03    9.15871e+01    1.79073e+03
     Coulomb-14        LJ (SR)   Coulomb (SR)   Coul. recip.      Potential
    1.63756e+04    4.27272e+04   -4.29032e+05    2.38619e+03   -3.59534e+05
 Pressure (bar)
   -5.18981e+03

           Step           Time
            423      423.00000

   Energies (kJ/mol)
           Bond          Angle    Proper Dih. Per. Imp. Dih.          LJ-14
    3.31421e+02    9.79635e+02    4.79563e+03    9.21592e+01    1.78995e+03
     Coulomb-14        LJ (SR)   Coulomb (SR)   Coul. recip.      Potential
    1.63730e+04    4.27342e+04   -4.29071e+05    2.38781e+03   -3.59587e+05
 Pressure (bar)
   -5.19113e+03

           Step           Time
            424      424.00000

           Step           Time
            425      425.00000

   Energies (kJ/mol)
           Bond          Angle    Proper Dih. Per. Imp. Dih.          LJ-14
    3.04501e+02    9.76456e+02    4.79520e+03    9.17563e+01    1.79013e+03
     Coulomb-14        LJ (SR)   Coulomb (SR)   Coul. recip.      Potential
    1.63744e+04    4.27375e+04   -4.29090e+05    2.38492e+03   -3.59635e+05
 Pressure (bar)
   -5.19024e+03

           Step           Time
            426      426.00000

   Energies (kJ/mol)
           Bond          Angle    Proper Dih. Per. Imp. Dih.          LJ-14
    3.52277e+02    9.81436e+02    4.79497e+03    9.20955e+01    1.78932e+03
     Coulomb-14        LJ (SR)   Coulomb (SR)   Coul. recip.      Potential
    1.63721e+04    4.27522e+04   -4.29169e+05    2.38398e+03   -3.59651e+05
 Pressure (bar)
   -5.19649e+03

           Step           Time
            427      427.00000

   Energies (kJ/mol)
           Bond          Angle    Proper Dih. Per. Imp. Dih.          LJ-14
    3.13883e+02    9.77069e+02    4.79442e+03    9.15419e+01    1.78961e+03
     Coulomb-14        LJ (SR)   Coulomb (SR)   Coul. recip.      Potential
    1.63743e+04    4.27554e+04   -4.29188e+05    2.38028e+03   -3.59712e+05
 Pressure (bar)
   -5.19525e+03

           Step           Time
            428      428.00000

           Step           Time
            429      429.00000

   Energies (kJ/mol)
           Bond          Angle    Proper Dih. Per. Imp. Dih.          LJ-14
    3.09359e+02    9.76885e+02    4.79442e+03    9.18107e+01    1.78914e+03
     Coulomb-14        LJ (SR)   Coulomb (SR)   Coul. recip.      Potential
    1.63728e+04    4.27616e+04   -4.29222e+05    2.38049e+03   -3.59746e+05
 Pressure (bar)
   -5.19657e+03

           Step           Time
            430      430.00000

   Energies (kJ/mol)
           Bond          Angle    Proper Dih. Per. Imp. Dih.          LJ-14
    3.23930e+02    9.77752e+02    4.79382e+03    9.13821e+01    1.78922e+03
     Coulomb-14        LJ (SR)   Coulomb (SR)   Coul. recip.      Potential
    1.63742e+04    4.27694e+04   -4.29265e+05    2.37668e+03   -3.59769e+05
 Pressure (bar)
   -5.19905e+03

           Step           Time
            431      431.00000

   Energies (kJ/mol)
           Bond          Angle    Proper Dih. Per. Imp. Dih.          LJ-14
    3.21865e+02    9.78062e+02    4.79390e+03    9.17903e+01    1.78859e+03
     Coulomb-14        LJ (SR)   Coulomb (SR)   Coul. recip.      Potential
    1.63721e+04    4.27766e+04   -4.29303e+05    2.37748e+03   -3.59803e+05
 Pressure (bar)
   -5.20095e+03

           Step           Time
            432      432.00000

   Energies (kJ/mol)
           Bond          Angle    Proper Dih. Per. Imp. Dih.          LJ-14
    3.43833e+02    9.79453e+02    4.79322e+03    9.12182e+01    1.78888e+03
     Coulomb-14        LJ (SR)   Coulomb (SR)   Coul. recip.      Potential
    1.63742e+04    4.27831e+04   -4.29339e+05    2.37313e+03   -3.59812e+05
 Pressure (bar)
   -5.20321e+03

           Step           Time
            433      433.00000

   Energies (kJ/mol)
           Bond          Angle    Proper Dih. Per. Imp. Dih.          LJ-14
    3.48625e+02    9.80762e+02    4.79342e+03    9.18399e+01    1.78804e+03
     Coulomb-14        LJ (SR)   Coulomb (SR)   Coul. recip.      Potential
    1.63713e+04    4.27912e+04   -4.29382e+05    2.37484e+03   -3.59842e+05
 Pressure (bar)
   -5.20581e+03

           Step           Time
            434      434.00000

           Step           Time
            435      435.00000

   Energies (kJ/mol)
           Bond          Angle    Proper Dih. Per. Imp. Dih.          LJ-14
    3.02275e+02    9.75589e+02    4.79301e+03    9.14088e+01    1.78827e+03
     Coulomb-14        LJ (SR)   Coulomb (SR)   Coul. recip.      Potential
    1.63729e+04    4.27936e+04   -4.29397e+05    2.37199e+03   -3.59908e+05
 Pressure (bar)
   -5.20376e+03

           Step           Time
            436      436.00000

   Energies (kJ/mol)
           Bond          Angle    Proper Dih. Per. Imp. Dih.          LJ-14
    3.76655e+02    9.82972e+02    4.79239e+03    9.16823e+01    1.78713e+03
     Coulomb-14        LJ (SR)   Coulomb (SR)   Coul. recip.      Potential
    1.63701e+04    4.28192e+04   -4.29531e+05    2.36887e+03   -3.59942e+05
 Pressure (bar)
   -5.21339e+03

           Step           Time
            437      437.00000

   Energies (kJ/mol)
           Bond          Angle    Proper Dih. Per. Imp. Dih.          LJ-14
    3.09335e+02    9.75791e+02    4.79187e+03    9.10969e+01    1.78747e+03
     Coulomb-14        LJ (SR)   Coulomb (SR)   Coul. recip.      Potential
    1.63726e+04    4.28217e+04   -4.29547e+05    2.36514e+03   -3.60032e+05
 Pressure (bar)
   -5.21078e+03

           Step           Time
            438      438.00000

           Step           Time
            439      439.00000

   Energies (kJ/mol)
           Bond          Angle    Proper Dih. Per. Imp. Dih.          LJ-14
    3.18385e+02    9.76999e+02    4.79181e+03    9.13776e+01    1.78693e+03
     Coulomb-14        LJ (SR)   Coulomb (SR)   Coul. recip.      Potential
    1.63709e+04    4.28299e+04   -4.29590e+05    2.36510e+03   -3.60059e+05
 Pressure (bar)
   -5.21305e+03

           Step           Time
            440      440.00000

   Energies (kJ/mol)
           Bond          Angle    Proper Dih. Per. Imp. Dih.          LJ-14
    3.18316e+02    9.76402e+02    4.79130e+03    9.09433e+01    1.78713e+03
     Coulomb-14        LJ (SR)   Coulomb (SR)   Coul. recip.      Potential
    1.63726e+04    4.28354e+04   -4.29620e+05    2.36173e+03   -3.60086e+05
 Pressure (bar)
   -5.21416e+03

           Step           Time
            441      441.00000

   Energies (kJ/mol)
           Bond          Angle    Proper Dih. Per. Imp. Dih.          LJ-14
    3.35940e+02    9.78737e+02    4.79134e+03    9.13812e+01    1.78642e+03
     Coulomb-14        LJ (SR)   Coulomb (SR)   Coul. recip.      Potential
    1.63703e+04    4.28441e+04   -4.29665e+05    2.36246e+03   -3.60105e+05
 Pressure (bar)
   -5.21722e+03

           Step           Time
            442      442.00000

   Energies (kJ/mol)
           Bond          Angle    Proper Dih. Per. Imp. Dih.          LJ-14
    3.37434e+02    9.78012e+02    4.79072e+03    9.07815e+01    1.78682e+03
     Coulomb-14        LJ (SR)   Coulomb (SR)   Coul. recip.      Potential
    1.63727e+04    4.28490e+04   -4.29692e+05    2.35827e+03   -3.60129e+05
 Pressure (bar)
   -5.21804e+03

           Step           Time
            443      443.00000

   Energies (kJ/mol)
           Bond          Angle    Proper Dih. Per. Imp. Dih.          LJ-14
    3.71097e+02    9.82320e+02    4.79090e+03    9.14566e+01    1.78590e+03
     Coulomb-14        LJ (SR)   Coulomb (SR)   Coul. recip.      Potential
    1.63694e+04    4.28585e+04   -4.29740e+05    2.36008e+03   -3.60131e+05
 Pressure (bar)
   -5.22218e+03

           Step           Time
            444      444.00000

   Energies (kJ/mol)
           Bond          Angle    Proper Dih. Per. Imp. Dih.          LJ-14
    3.78082e+02    9.81767e+02    4.79011e+03    9.06155e+01    1.78658e+03
     Coulomb-14        LJ (SR)   Coulomb (SR)   Coul. recip.      Potential
    1.63730e+04    4.28627e+04   -4.29764e+05    2.35470e+03   -3.60147e+05
 Pressure (bar)
   -5.22290e+03

           Step           Time
            445      445.00000

           Step           Time
            446      446.00000

   Energies (kJ/mol)
           Bond          Angle    Proper Dih. Per. Imp. Dih.          LJ-14
    3.03891e+02    9.75114e+02    4.79029e+03    9.10725e+01    1.78588e+03
     Coulomb-14        LJ (SR)   Coulomb (SR)   Coul. recip.      Potential
    1.63707e+04    4.28675e+04   -4.29790e+05    2.35606e+03   -3.60249e+05
 Pressure (bar)
   -5.22048e+03

           Step           Time
            447      447.00000

   Energies (kJ/mol)
           Bond          Angle    Proper Dih. Per. Imp. Dih.          LJ-14
    4.12935e+02    9.84063e+02    4.78888e+03    9.02982e+01    1.78586e+03
     Coulomb-14        LJ (SR)   Coulomb (SR)   Coul. recip.      Potential
    1.63722e+04    4.28940e+04   -4.29926e+05    2.34722e+03   -3.60251e+05
 Pressure (bar)
   -5.23060e+03

           Step           Time
            448      448.00000

   Energies (kJ/mol)
           Bond          Angle    Proper Dih. Per. Imp. Dih.          LJ-14
    3.19854e+02    9.76458e+02    4.78921e+03    9.09678e+01    1.78480e+03
     Coulomb-14        LJ (SR)   Coulomb (SR)   Coul. recip.      Potential
    1.63693e+04    4.29002e+04   -4.29959e+05    2.34964e+03   -3.60379e+05
 Pressure (bar)
   -5.22889e+03

           Step           Time
            449      449.00000

           Step           Time
            450      450.00000

   Energies (kJ/mol)
           Bond          Angle    Proper Dih. Per. Imp. Dih.          LJ-14
    3.22328e+02    9.75795e+02    4.78868e+03    9.04905e+01    1.78510e+03
     Coulomb-14        LJ (SR)   Coulomb (SR)   Coul. recip.      Potential
    1.63710e+04    4.29058e+04   -4.29989e+05    2.34610e+03   -3.60403e+05
 Pressure (bar)
   -5.22936e+03

           Step           Time
            451      451.00000

   Energies (kJ/mol)
           Bond          Angle    Proper Dih. Per. Imp. Dih.          LJ-14
    3.39124e+02    9.78345e+02    4.78876e+03    9.09597e+01    1.78432e+03
     Coulomb-14        LJ (SR)   Coulomb (SR)   Coul. recip.      Potential
    1.63686e+04    4.29145e+04   -4.30032e+05    2.34710e+03   -3.60421e+05
 Pressure (bar)
   -5.23263e+03

           Step           Time
            452      452.00000

   Energies (kJ/mol)
           Bond          Angle    Proper Dih. Per. Imp. Dih.          LJ-14
    3.44662e+02    9.77749e+02    4.78812e+03    9.03150e+01    1.78483e+03
     Coulomb-14        LJ (SR)   Coulomb (SR)   Coul. recip.      Potential
    1.63712e+04    4.29195e+04   -4.30059e+05    2.34273e+03   -3.60440e+05
 Pressure (bar)
   -5.23328e+03

           Step           Time
            453      453.00000

   Energies (kJ/mol)
           Bond          Angle    Proper Dih. Per. Imp. Dih.          LJ-14
    3.78033e+02    9.82335e+02    4.78834e+03    9.10412e+01    1.78382e+03
     Coulomb-14        LJ (SR)   Coulomb (SR)   Coul. recip.      Potential
    1.63677e+04    4.29291e+04   -4.30106e+05    2.34485e+03   -3.60441e+05
 Pressure (bar)
   -5.23751e+03

           Step           Time
            454      454.00000

   Energies (kJ/mol)
           Bond          Angle    Proper Dih. Per. Imp. Dih.          LJ-14
    3.91833e+02    9.82150e+02    4.78753e+03    9.01424e+01    1.78463e+03
     Coulomb-14        LJ (SR)   Coulomb (SR)   Coul. recip.      Potential
    1.63716e+04    4.29333e+04   -4.30129e+05    2.33927e+03   -3.60449e+05
 Pressure (bar)
   -5.23825e+03

           Step           Time
            455      455.00000

           Step           Time
            456      456.00000

   Energies (kJ/mol)
           Bond          Angle    Proper Dih. Per. Imp. Dih.          LJ-14
    3.04119e+02    9.74333e+02    4.78773e+03    9.06317e+01    1.78386e+03
     Coulomb-14        LJ (SR)   Coulomb (SR)   Coul. recip.      Potential
    1.63692e+04    4.29381e+04   -4.30155e+05    2.34078e+03   -3.60566e+05
 Pressure (bar)
   -5.23519e+03

           Step           Time
            457      457.00000

           Step           Time
            458      458.00000

   Energies (kJ/mol)
           Bond          Angle    Proper Dih. Per. Imp. Dih.          LJ-14
    3.26539e+02    9.75459e+02    4.78697e+03    9.01759e+01    1.78385e+03
     Coulomb-14        LJ (SR)   Coulomb (SR)   Coul. recip.      Potential
    1.63699e+04    4.29528e+04   -4.30229e+05    2.33589e+03   -3.60608e+05
 Pressure (bar)
   -5.23860e+03

           Step           Time
            459      459.00000

   Energies (kJ/mol)
           Bond          Angle    Proper Dih. Per. Imp. Dih.          LJ-14
    3.10886e+02    9.74760e+02    4.78706e+03    9.05143e+01    1.78322e+03
     Coulomb-14        LJ (SR)   Coulomb (SR)   Coul. recip.      Potential
    1.63683e+04    4.29589e+04   -4.30260e+05    2.33673e+03   -3.60649e+05
 Pressure (bar)
   -5.24006e+03

           Step           Time
            460      460.00000

   Energies (kJ/mol)
           Bond          Angle    Proper Dih. Per. Imp. Dih.          LJ-14
    3.43005e+02    9.76890e+02    4.78640e+03    8.99922e+01    1.78351e+03
     Coulomb-14        LJ (SR)   Coulomb (SR)   Coul. recip.      Potential
    1.63700e+04    4.29683e+04   -4.30308e+05    2.33240e+03   -3.60657e+05
 Pressure (bar)
   -5.24281e+03

           Step           Time
            461      461.00000

   Energies (kJ/mol)
           Bond          Angle    Proper Dih. Per. Imp. Dih.          LJ-14
    3.26623e+02    9.76354e+02    4.78656e+03    9.05039e+01    1.78268e+03
     Coulomb-14        LJ (SR)   Coulomb (SR)   Coul. recip.      Potential
    1.63675e+04    4.29754e+04   -4.30343e+05    2.33387e+03   -3.60703e+05
 Pressure (bar)
   -5.24409e+03

           Step           Time
            462      462.00000

           Step           Time
            463      463.00000

   Energies (kJ/mol)
           Bond          Angle    Proper Dih. Per. Imp. Dih.          LJ-14
    3.05463e+02    9.73548e+02    4.78619e+03    9.01359e+01    1.78294e+03
     Coulomb-14        LJ (SR)   Coulomb (SR)   Coul. recip.      Potential
    1.63689e+04    4.29788e+04   -4.30361e+05    2.33129e+03   -3.60744e+05
 Pressure (bar)
   -5.24326e+03

           Step           Time
            464      464.00000

   Energies (kJ/mol)
           Bond          Angle    Proper Dih. Per. Imp. Dih.          LJ-14
    3.43321e+02    9.77820e+02    4.78598e+03    9.04347e+01    1.78215e+03
     Coulomb-14        LJ (SR)   Coulomb (SR)   Coul. recip.      Potential
    1.63667e+04    4.29936e+04   -4.30434e+05    2.33049e+03   -3.60763e+05
 Pressure (bar)
   -5.24830e+03

           Step           Time
            465      465.00000

   Energies (kJ/mol)
           Bond          Angle    Proper Dih. Per. Imp. Dih.          LJ-14
    3.13243e+02    9.73979e+02    4.78551e+03    8.99329e+01    1.78254e+03
     Coulomb-14        LJ (SR)   Coulomb (SR)   Coul. recip.      Potential
    1.63688e+04    4.29971e+04   -4.30452e+05    2.32716e+03   -3.60814e+05
 Pressure (bar)
   -5.24717e+03

           Step           Time
            466      466.00000

           Step           Time
            467      467.00000

   Energies (kJ/mol)
           Bond          Angle    Proper Dih. Per. Imp. Dih.          LJ-14
    3.08975e+02    9.74009e+02    4.78550e+03    9.01726e+01    1.78207e+03
     Coulomb-14        LJ (SR)   Coulomb (SR)   Coul. recip.      Potential
    1.63674e+04    4.30033e+04   -4.30483e+05    2.32737e+03   -3.60844e+05
 Pressure (bar)
   -5.24826e+03

           Step           Time
            468      468.00000

   Energies (kJ/mol)
           Bond          Angle    Proper Dih. Per. Imp. Dih.          LJ-14
    3.21522e+02    9.74483e+02    4.78498e+03    8.97812e+01    1.78224e+03
     Coulomb-14        LJ (SR)   Coulomb (SR)   Coul. recip.      Potential
    1.63687e+04    4.30116e+04   -4.30525e+05    2.32391e+03   -3.60867e+05
 Pressure (bar)
   -5.25020e+03

           Step           Time
            469      469.00000

   Energies (kJ/mol)
           Bond          Angle    Proper Dih. Per. Imp. Dih.          LJ-14
    3.18943e+02    9.74974e+02    4.78503e+03    9.01481e+01    1.78159e+03
     Coulomb-14        LJ (SR)   Coulomb (SR)   Coul. recip.      Potential
    1.63667e+04    4.30188e+04   -4.30560e+05    2.32464e+03   -3.60899e+05
 Pressure (bar)
   -5.25178e+03

           Step           Time
            470      470.00000

   Energies (kJ/mol)
           Bond          Angle    Proper Dih. Per. Imp. Dih.          LJ-14
    3.37866e+02    9.75795e+02    4.78446e+03    8.96285e+01    1.78198e+03
     Coulomb-14        LJ (SR)   Coulomb (SR)   Coul. recip.      Potential
    1.63687e+04    4.30257e+04   -4.30594e+05    2.32072e+03   -3.60909e+05
 Pressure (bar)
   -5.25349e+03

           Step           Time
            471      471.00000

   Energies (kJ/mol)
           Bond          Angle    Proper Dih. Per. Imp. Dih.          LJ-14
    3.40381e+02    9.77185e+02    4.78460e+03    9.01843e+01    1.78110e+03
     Coulomb-14        LJ (SR)   Coulomb (SR)   Coul. recip.      Potential
    1.63659e+04    4.30338e+04   -4.30633e+05    2.32223e+03   -3.60938e+05
 Pressure (bar)
   -5.25567e+03

           Step           Time
            472      472.00000

           Step           Time
            473      473.00000

   Energies (kJ/mol)
           Bond          Angle    Proper Dih. Per. Imp. Dih.          LJ-14
    3.03658e+02    9.72803e+02    4.78425e+03    8.97985e+01    1.78141e+03
     Coulomb-14        LJ (SR)   Coulomb (SR)   Coul. recip.      Potential
    1.63675e+04    4.30364e+04   -4.30648e+05    2.31969e+03   -3.60992e+05
 Pressure (bar)
   -5.25393e+03

           Step           Time
            474      474.00000

   Energies (kJ/mol)
           Bond          Angle    Proper Dih. Per. Imp. Dih.          LJ-14
    3.62802e+02    9.78983e+02    4.78374e+03    9.00549e+01    1.78036e+03
     Coulomb-14        LJ (SR)   Coulomb (SR)   Coul. recip.      Potential
    1.63648e+04    4.30612e+04   -4.30768e+05    2.31710e+03   -3.61028e+05
 Pressure (bar)
   -5.26153e+03

           Step           Time
            475      475.00000

   Energies (kJ/mol)
           Bond          Angle    Proper Dih. Per. Imp. Dih.          LJ-14
    3.09621e+02    9.72905e+02    4.78330e+03    8.95275e+01    1.78081e+03
     Coulomb-14        LJ (SR)   Coulomb (SR)   Coul. recip.      Potential
    1.63672e+04    4.30640e+04   -4.30783e+05    2.31376e+03   -3.61102e+05
 Pressure (bar)
   -5.25930e+03

           Step           Time
            476      476.00000

           Step           Time
            477      477.00000

   Energies (kJ/mol)
           Bond          Angle    Proper Dih. Per. Imp. Dih.          LJ-14
    3.16118e+02    9.74025e+02    4.78323e+03    8.97792e+01    1.78027e+03
     Coulomb-14        LJ (SR)   Coulomb (SR)   Coul. recip.      Potential
    1.63656e+04    4.30721e+04   -4.30822e+05    2.31375e+03   -3.61127e+05
 Pressure (bar)
   -5.26112e+03

           Step           Time
            478      478.00000

   Energies (kJ/mol)
           Bond          Angle    Proper Dih. Per. Imp. Dih.          LJ-14
    3.17095e+02    9.73349e+02    4.78280e+03    8.93853e+01    1.78054e+03
     Coulomb-14        LJ (SR)   Coulomb (SR)   Coul. recip.      Potential
    1.63671e+04    4.30780e+04   -4.30851e+05    2.31070e+03   -3.61152e+05
 Pressure (bar)
   -5.26197e+03

           Step           Time
            479      479.00000

   Energies (kJ/mol)
           Bond          Angle    Proper Dih. Per. Imp. Dih.          LJ-14
    3.30141e+02    9.75441e+02    4.78282e+03    8.97779e+01    1.77983e+03
     Coulomb-14        LJ (SR)   Coulomb (SR)   Coul. recip.      Potential
    1.63650e+04    4.30866e+04   -4.30892e+05    2.31135e+03   -3.61171e+05
 Pressure (bar)
   -5.26444e+03

           Step           Time
            480      480.00000

   Energies (kJ/mol)
           Bond          Angle    Proper Dih. Per. Imp. Dih.          LJ-14
    3.32871e+02    9.74595e+02    4.78229e+03    8.92373e+01    1.78031e+03
     Coulomb-14        LJ (SR)   Coulomb (SR)   Coul. recip.      Potential
    1.63672e+04    4.30920e+04   -4.30919e+05    2.30758e+03   -3.61193e+05
 Pressure (bar)
   -5.26502e+03

           Step           Time
            481      481.00000

   Energies (kJ/mol)
           Bond          Angle    Proper Dih. Per. Imp. Dih.          LJ-14
    3.58352e+02    9.78361e+02    4.78243e+03    8.98385e+01    1.77936e+03
     Coulomb-14        LJ (SR)   Coulomb (SR)   Coul. recip.      Potential
    1.63641e+04    4.31013e+04   -4.30962e+05    2.30919e+03   -3.61199e+05
 Pressure (bar)
   -5.26844e+03

           Step           Time
            482      482.00000

   Energies (kJ/mol)
           Bond          Angle    Proper Dih. Per. Imp. Dih.          LJ-14
    3.66248e+02    9.77550e+02    4.78176e+03    8.90814e+01    1.78014e+03
     Coulomb-14        LJ (SR)   Coulomb (SR)   Coul. recip.      Potential
    1.63675e+04    4.31059e+04   -4.30986e+05    2.30437e+03   -3.61214e+05
 Pressure (bar)
   -5.26888e+03

           Step           Time
            483      483.00000

           Step           Time
            484      484.00000

   Energies (kJ/mol)
           Bond          Angle    Proper Dih. Per. Imp. Dih.          LJ-14
    3.04699e+02    9.72378e+02    4.78190e+03    8.94905e+01    1.77943e+03
     Coulomb-14        LJ (SR)   Coulomb (SR)   Coul. recip.      Potential
    1.63654e+04    4.31107e+04   -4.31009e+05    2.30558e+03   -3.61300e+05
 Pressure (bar)
   -5.26698e+03

           Step           Time
            485      485.00000

   Energies (kJ/mol)
           Bond          Angle    Proper Dih. Per. Imp. Dih.          LJ-14
    3.94601e+02    9.79282e+02    4.78061e+03    8.87749e+01    1.77952e+03
     Coulomb-14        LJ (SR)   Coulomb (SR)   Coul. recip.      Potential
    1.63667e+04    4.31397e+04   -4.31147e+05    2.29730e+03   -3.61320e+05
 Pressure (bar)
   -5.27525e+03

           Step           Time
            486      486.00000

   Energies (kJ/mol)
           Bond          Angle    Proper Dih. Per. Imp. Dih.          LJ-14
    3.17401e+02    9.73448e+02    4.78088e+03    8.93729e+01    1.77846e+03
     Coulomb-14        LJ (SR)   Coulomb (SR)   Coul. recip.      Potential
    1.63639e+04    4.31458e+04   -4.31177e+05    2.29942e+03   -3.61428e+05
 Pressure (bar)
   -5.27405e+03

           Step           Time
            487      487.00000

           Step           Time
            488      488.00000

   Energies (kJ/mol)
           Bond          Angle    Proper Dih. Per. Imp. Dih.          LJ-14
    3.20427e+02    9.72733e+02    4.78042e+03    8.89467e+01    1.77882e+03
     Coulomb-14        LJ (SR)   Coulomb (SR)   Coul. recip.      Potential
    1.63656e+04    4.31517e+04   -4.31205e+05    2.29625e+03   -3.61451e+05
 Pressure (bar)
   -5.27435e+03

           Step           Time
            489      489.00000

   Energies (kJ/mol)
           Bond          Angle    Proper Dih. Per. Imp. Dih.          LJ-14
    3.32804e+02    9.74990e+02    4.78047e+03    8.93663e+01    1.77804e+03
     Coulomb-14        LJ (SR)   Coulomb (SR)   Coul. recip.      Potential
    1.63632e+04    4.31604e+04   -4.31246e+05    2.29711e+03   -3.61469e+05
 Pressure (bar)
   -5.27701e+03

           Step           Time
            490      490.00000

   Energies (kJ/mol)
           Bond          Angle    Proper Dih. Per. Imp. Dih.          LJ-14
    3.38794e+02    9.74251e+02    4.77992e+03    8.87899e+01    1.77862e+03
     Coulomb-14        LJ (SR)   Coulomb (SR)   Coul. recip.      Potential
    1.63657e+04    4.31657e+04   -4.31272e+05    2.29322e+03   -3.61487e+05
 Pressure (bar)
   -5.27745e+03

           Step           Time
            491      491.00000

   Energies (kJ/mol)
           Bond          Angle    Proper Dih. Per. Imp. Dih.          LJ-14
    3.64041e+02    9.78243e+02    4.78009e+03    8.94347e+01    1.77758e+03
     Coulomb-14        LJ (SR)   Coulomb (SR)   Coul. recip.      Potential
    1.63624e+04    4.31751e+04   -4.31315e+05    2.29505e+03   -3.61493e+05
 Pressure (bar)
   -5.28093e+03

           Step           Time
            492      492.00000

   Energies (kJ/mol)
           Bond          Angle    Proper Dih. Per. Imp. Dih.          LJ-14
    3.77412e+02    9.77722e+02    4.77941e+03    8.86304e+01    1.77848e+03
     Coulomb-14        LJ (SR)   Coulomb (SR)   Coul. recip.      Potential
    1.63661e+04    4.31798e+04   -4.31338e+05    2.29009e+03   -3.61500e+05
 Pressure (bar)
   -5.28138e+03

           Step           Time
            493      493.00000

           Step           Time
            494      494.00000

   Energies (kJ/mol)
           Bond          Angle    Proper Dih. Per. Imp. Dih.          LJ-14
    3.04972e+02    9.71618e+02    4.77956e+03    8.90665e+01    1.77771e+03
     Coulomb-14        LJ (SR)   Coulomb (SR)   Coul. recip.      Potential
    1.63638e+04    4.31845e+04   -4.31361e+05    2.29141e+03   -3.61598e+05
 Pressure (bar)
   -5.27895e+03

           Step           Time
            495      495.00000

   Energies (kJ/mol)
           Bond          Angle    Proper Dih. Per. Imp. Dih.          LJ-14
    4.09805e+02    9.79710e+02    4.77819e+03    8.82892e+01    1.77785e+03
     Coulomb-14        LJ (SR)   Coulomb (SR)   Coul. recip.      Potential
    1.63651e+04    4.32170e+04   -4.31510e+05    2.28253e+03   -3.61612e+05
 Pressure (bar)
   -5.28794e+03

           Step           Time
            496      496.00000

   Energies (kJ/mol)
           Bond          Angle    Proper Dih. Per. Imp. Dih.          LJ-14
    3.18702e+02    9.72782e+02    4.77849e+03    8.89256e+01    1.77668e+03
     Coulomb-14        LJ (SR)   Coulomb (SR)   Coul. recip.      Potential
    1.63622e+04    4.32232e+04   -4.31540e+05    2.28483e+03   -3.61735e+05
 Pressure (bar)
   -5.28629e+03

           Step           Time
            497      497.00000

           Step           Time
            498      498.00000

   Energies (kJ/mol)
           Bond          Angle    Proper Dih. Per. Imp. Dih.          LJ-14
    3.24293e+02    9.72197e+02    4.77801e+03    8.84766e+01    1.77710e+03
     Coulomb-14        LJ (SR)   Coulomb (SR)   Coul. recip.      Potential
    1.63640e+04    4.32293e+04   -4.31569e+05    2.28159e+03   -3.61754e+05
 Pressure (bar)
   -5.28655e+03

           Step           Time
            499      499.00000

   Energies (kJ/mol)
           Bond          Angle    Proper Dih. Per. Imp. Dih.          LJ-14
    3.35580e+02    9.74507e+02    4.77809e+03    8.89282e+01    1.77627e+03
     Coulomb-14        LJ (SR)   Coulomb (SR)   Coul. recip.      Potential
    1.63615e+04    4.32378e+04   -4.31608e+05    2.28263e+03   -3.61773e+05
 Pressure (bar)
   -5.28915e+03

           Step           Time
            500      500.00000

   Energies (kJ/mol)
           Bond          Angle    Proper Dih. Per. Imp. Dih.          LJ-14
    3.45655e+02    9.74006e+02    4.77753e+03    8.83215e+01    1.77693e+03
     Coulomb-14        LJ (SR)   Coulomb (SR)   Coul. recip.      Potential
    1.63642e+04    4.32433e+04   -4.31634e+05    2.27864e+03   -3.61786e+05
 Pressure (bar)
   -5.28960e+03

           Step           Time
            501      501.00000

   Energies (kJ/mol)
           Bond          Angle    Proper Dih. Per. Imp. Dih.          LJ-14
    3.70136e+02    9.78134e+02    4.77773e+03    8.90149e+01    1.77581e+03
     Coulomb-14        LJ (SR)   Coulomb (SR)   Coul. recip.      Potential
    1.63606e+04    4.32526e+04   -4.31676e+05    2.28068e+03   -3.61792e+05
 Pressure (bar)
   -5.29304e+03

           Step           Time
            502      502.00000

           Step           Time
            503      503.00000

   Energies (kJ/mol)
           Bond          Angle    Proper Dih. Per. Imp. Dih.          LJ-14
    3.04087e+02    9.70543e+02    4.77737e+03    8.85454e+01    1.77626e+03
     Coulomb-14        LJ (SR)   Coulomb (SR)   Coul. recip.      Potential
    1.63626e+04    4.32546e+04   -4.31688e+05    2.27788e+03   -3.61876e+05
 Pressure (bar)
   -5.28947e+03


Steepest Descents converged to Fmax < 1000 in 504 steps
Potential Energy  = -3.6187553e+05
Maximum force     =  8.5032990e+02 on atom 1958
Norm of force     =  2.9731011e+01

    D O M A I N   D E C O M P O S I T I O N   S T A T I S T I C S

 av. #atoms communicated per step for force:  2 x 0.0

Finished mdrun on rank 0 Thu Sep 24 23:00:20 2026

